image	tool	kind	units	utf8	script	dir	name
CDVD1005__CDVD1005.ISO	Nero	f	103	101	none	/Offline/Tutorial 3DS Max/modelling texturing glass	3ds max Modeling and Texturing Glass  3D Kingdom_org  Free 3ds max tutorials, 3d models, Art Gall.mht;1
CDVD1005__CDVD1005.ISO	Nero	f	103	101	none	/Offline/Tutorial 3DS Max/Volume light	Creating Volume Light 101 - 3ds max 4 Tutorial - discreet 3ds max, learning, tutorials, tips, tri.mht;1
CDVD1005__CDVD1005.ISO	Nero	f	103	101	none	/Offline/Tutorial 3DS Max/Shiny and smooth material	Creating Shiny & Smooth Metals - 3ds max Tutorial - discreet 3ds max, learning, tutorials, tips, .mht;1
CDVD1005__CDVD1005.ISO	Nero	f	103	101	none	/Offline/Tutorial 3DS Max/Realistic Table	3ds max Realistic table Tutorial for 3ds max 6  3D Kingdom_org  Free 3ds max tutorials, 3d models.mht;1
CDVD1005__CDVD1005.ISO	Nero	f	94	92	none	/Offline/Tutorial 3DS Max/Noobs	3dm3_com - FREE 3DS MAX MODELS 3D CARS TUTORIALS 3D GIRLS CG MOVIES BLUEPRINTS DOWNLOADS.mht;1
CDVD1005__CDVD1005.ISO	Nero	f	103	101	none	/Offline/Tutorial 3DS Max/Metal chair	Chrome Chair - 3ds max Tutorial - discreet 3ds max, learning, tutorials, tips, tricks, techniques.mht;1
CDVD1005__CDVD1005.ISO	Nero	f	103	101	none	/Offline/Tutorial 3DS Max/Metal and light	Make it Metal and Light - 3ds max Tutorial - discreet 3ds max, learning, tutorials, tips, tricks,.mht;1
CDVD1005__CDVD1005.ISO	Nero	f	103	101	none	/Offline/Tutorial 3DS Max/Lathe glass	Lathe Glass with Raytrace Materials - 3ds max Tutorial - discreet 3ds max, learning, tutorials, t.mht;1
CDVD1005__CDVD1005.ISO	Nero	f	103	101	none	/Offline/Tutorial 3DS Max/HDR	3ds max High Dynamic Range Image  3D Kingdom_org  Free 3ds max tutorials, 3d models, Art Gallerie.mht;1
CDVD1005__CDVD1005.ISO	Nero	f	103	101	none	/Offline/Tutorial 3DS Max/Global Illumination	Global Ilumination - overview for newbies  3D Kingdom_org  Free 3ds max tutorials, 3d models, Art.mht;1
CDVD1005__CDVD1005.ISO	Nero	f	103	101	none	/Offline/Tutorial 3DS Max/Glass	3ds max Modeling and Texturing Glass  3D Kingdom_org  Free 3ds max tutorials, 3d models, Art Gall.mht;1
CDVD1005__CDVD1005.ISO	Nero	f	103	101	none	/Offline/Tutorial 3DS Max/Create are lights	Creating Area Lights - 3ds max Tutorial - discreet 3ds max, learning, tutorials, tips, tricks, te.mht;1
CDVD1005__CDVD1005.ISO	Nero	f	103	101	none	/Offline/Tutorial 3DS Max/Bevel Profile	How to Use the Bevel Profile - 3ds max Tutorial - discreet 3ds max, learning, tutorials, tips, tr.mht;1
CDVD1005__CDVD1005.ISO	Nero	f	103	101	none	/Offline/Tutorial 3DS Max/Basic Brazil	3ds max Basic Brazil Caustics  3D Kingdom_org  Free 3ds max tutorials, 3d models, Art Galleries, .mht;1
CenturyStarNAV2005CHSWarezCD__SP.iso	Nero	f	88	112	Han	/杀毒软件/Norton安全特警2005 简体中文版/破解	[诺顿网络安全特警2005简体中文版].Symantec.Norton.Internet.Security.2005.Keygen-SSG.[VeryCD.com].exe;1
CenturyStarNAV2005CHSWarezCD__SP.mdf	Nero	f	88	112	Han	/杀毒软件/Norton安全特警2005 简体中文版/破解	[诺顿网络安全特警2005简体中文版].Symantec.Norton.Internet.Security.2005.Keygen-SSG.[VeryCD.com].exe;1
RealHistory__Real_History.iso	other	f	101	101	none	/Real History	Vandana Shiva - Real Wealth-Real Poverty--How Economic Globalization is Robbing the Poor of Wealt.mp3
RealHistory__Real_History.iso	other	f	86	86	none	/Real History/TUC Radio Downloads	A Challenge to Humanity - The Situation in Palestine - Dr. Mustafa Barghouti 01-02.mp3
RealHistory__Real_History.iso	other	f	86	86	none	/Real History/TUC Radio Downloads	A Challenge to Humanity - The Situation in Palestine - Dr. Mustafa Barghouti 02-02.mp3
RealHistory__Real_History.iso	other	f	87	87	none	/Real History/TUC Radio Downloads	Michael Parenti - Government by Giveaway and Good Things are Happening in Venezuela.mp3
RealHistory__Real_History.iso	other	f	93	93	none	/Real History/TUC Radio Downloads	Michael Parenti - How the Free Market Killed New Orleans and Right Wing Judicial Activism.mp3
RealHistory__Real_History.iso	other	f	86	86	none	/Real History/TUC Radio Downloads	Michael Parenti - The JFK Assassination and the Gangster Nature of the State 01-02.mp3
RealHistory__Real_History.iso	other	f	86	86	none	/Real History/TUC Radio Downloads	Michael Parenti - The JFK Assassination and the Gangster Nature of the State 02-02.mp3
RealHistory__Real_History.iso	other	f	88	88	none	/Real History/TUC Radio Downloads	Virtual Reality and Virtual Trade, TV and E-Commerce - Jerry Mander & Sarah Anderson.mp3
RealHistory__Real_History.iso	other	f	90	90	none	/Real History/John Taylor Gatto - author Underground History of American Education	John Taylor Gatto - An Examination of the Pathological Methodology of Forced Schooling.WMA
RealHistory__Real_History.iso	other	f	101	101	none	/Real History/John Taylor Gatto - author Underground History of American Education	John Taylor Gatto - The Guerrilla Curriculum - 1 of 2 (Growing without Schooling Confernece, 1997.wma
RealHistory__Real_History.iso	other	f	101	101	none	/Real History/John Taylor Gatto - author Underground History of American Education	John Taylor Gatto - The Guerrilla Curriculum - 2 of 2 (Growing without Schooling Confernece, 1997.wma
RealHistory__Real_History.iso	other	f	94	94	none	/Real History/John Taylor Gatto - author Underground History of American Education	John Taylor Gatto - The Hidden Curriculum of Compulsary Institutionalized Schooling (1998).wma
RealHistory__Real_History.iso	other	f	94	94	none	/Real History/John Taylor Gatto - author Underground History of American Education	John Taylor Gatto - The Paradox of Extended Childhood (Institutionalized Education) (2000).wma
RealHistory__Real_History.iso	other	f	91	91	none	/Real History/John Taylor Gatto - author Underground History of American Education	John Taylor Gatto - The Scientific Management of Children (anti-forced state schooling).WMA
RealHistory__Real_History.iso	other	f	93	93	none	/Real History/John Taylor Gatto - author Underground History of American Education	John Taylor Gatto - What is an Education (the BUSINESS of Schooling and Public Education).wma
RealHistory__Real_History.iso	other	f	101	101	none	/Real History/John Taylor Gatto - author Underground History of American Education	Unwelcome Guests 140 - John Taylor Gatto, Colman McCarthy - Teaching & Learning Things That Matte.mp3
VariousChineseWindowsBootlegsPart2__Ghost_XP__Windows.XP.SP2.__GHOST___3.0____.AngelXP_GHOST.iso	unknown	d	92	92	none	/I386/WinSxS	x86_microsoft.tools.visualcplusplus.runtime-libraries_6595b64144ccf1df_6.0.0.0_x-ww_ff9986d7
VariousChineseWindowsBootlegsPart2__Ghost_XP__Windows.XP.SP2.__GHOST___3.0____.AngelXP_GHOST.iso	unknown	d	90	90	none	/I386/WinSxS	x86_microsoft.windows.isolationautomation.proxystub_6595b64144ccf1df_1.0.0.0_x-ww_7cfac880
VariousChineseWindowsBootlegsPart2__Ghost_XP__Windows.XP.SP2.__GHOST___3.0____.AngelXP_GHOST.iso	unknown	f	96	96	none	/I386/WinSxS/manifests	x86_microsoft.tools.visualcplusplus.runtime-libraries_6595b64144ccf1df_6.0.0.0_x-ww_ff9986d7.cat
VariousChineseWindowsBootlegsPart2__Ghost_XP__Windows.XP.SP2.__GHOST___3.0____.AngelXP_GHOST.iso	unknown	f	96	96	none	/I386/WinSxS/manifests	x86_microsoft.tools.visualcplusplus.runtime-libraries_6595b64144ccf1df_6.0.0.0_x-ww_ff9986d7.man
VariousChineseWindowsBootlegsPart2__Ghost_XP__Windows.XP.SP2.__GHOST___3.0____.AngelXP_GHOST.iso	unknown	f	86	86	none	/I386/WinSxS/manifests	x86_microsoft.windows.common-controls_6595b64144ccf1df_5.82.0.0_x-ww_8a69ba05.manifest
VariousChineseWindowsBootlegsPart2__Ghost_XP__Windows.XP.SP2.__GHOST___3.0____.AngelXP_GHOST.iso	unknown	f	87	87	none	/I386/WinSxS/manifests	x86_microsoft.windows.common-controls_6595b64144ccf1df_6.0.100.0_x-ww_8417450b.manifest
VariousChineseWindowsBootlegsPart2__Ghost_XP__Windows.XP.SP2.__GHOST___3.0____.AngelXP_GHOST.iso	unknown	f	86	86	none	/I386/WinSxS/manifests	x86_microsoft.windows.cplusplusruntime_6595b64144ccf1df_7.0.0.0_x-ww_2726e76a.manifest
VariousChineseWindowsBootlegsPart2__Ghost_XP__Windows.XP.SP2.__GHOST___3.0____.AngelXP_GHOST.iso	unknown	f	88	88	none	/I386/WinSxS/manifests	x86_microsoft.windows.cplusplusruntime_6595b64144ccf1df_7.0.100.0_x-ww_94aa24eb.manifest
VariousChineseWindowsBootlegsPart2__Ghost_XP__Windows.XP.SP2.__GHOST___3.0____.AngelXP_GHOST.iso	unknown	f	94	94	none	/I386/WinSxS/manifests	x86_microsoft.windows.isolationautomation.proxystub_6595b64144ccf1df_1.0.0.0_x-ww_7cfac880.cat
VariousChineseWindowsBootlegsPart2__Ghost_XP__Windows.XP.SP2.__GHOST___3.0____.AngelXP_GHOST.iso	unknown	f	99	99	none	/I386/WinSxS/manifests	x86_microsoft.windows.isolationautomation.proxystub_6595b64144ccf1df_1.0.0.0_x-ww_7cfac880.manifest
VariousChineseWindowsBootlegsPart2__Ghost_XP__Windows.XP.SP2.__GHOST___3.0____.AngelXP_GHOST.iso	unknown	f	89	89	none	/I386/WinSxS/manifests	x86_microsoft.windows.isolationautomation_6595b64144ccf1df_1.0.0.0_x-ww_fd9da872.manifest
VariousChineseWindowsBootlegsPart2__Ghost_XP__Windows.XP.SP2.__GHOST___3.0____.AngelXP_GHOST.iso	unknown	f	86	86	none	/I386/WinSxS/manifests	x86_microsoft.windows.systemcompatible_6595b64144ccf1df_5.1.0.0_x-ww_fc342b0b.manifest
VariousChineseWindowsBootlegsPart2__Ghost_XP__Windows.XP.SP2.__GHOST___3.0____.AngelXP_GHOST.iso	unknown	f	86	86	none	/I386/WinSxS/manifests	x86_microsoft.windows.systemcompatible_6595b64144ccf1df_5.2.0.0_x-ww_40208a0c.manifest
WINVISTA_SP2_AIO_X64_UPDATEDAPRIL2023_ESD_ZH-CN__6.0.6003.22015.vistasp2_ldr_escrow.230327-1945_amd64fre_client-homebasic-homepremium-business-ultimate_retail_zh-cn-INSTALL_ESD.iso	PowerISO	f	110	110	none		6003.22015.230327-1945.vistasp2_ldr_escrow_clientcombinedchina_amd64fre_zh-cn_e3968aeddfdf4ff01e0fd1ffac~0.esd
WinFLPENTHAMUI__WinFLP_THA.iso	PowerISO	d	92	92	none	/I386/WinSxS	x86_microsoft.tools.visualcplusplus.runtime-libraries_6595b64144ccf1df_6.0.0.0_x-ww_ff9986d7
WinFLPENTHAMUI__WinFLP_THA.iso	PowerISO	d	96	96	none	/I386/WinSxS	x86_microsoft.windows.isolationautomation.proxystub_6595b64144ccf1df_1.0.3790.1830_x-ww_148995c5
WinFLPENTHAMUI__WinFLP_THA.iso	PowerISO	d	86	86	none	/I386/WinSxS	x86_microsoft.windows.isolationautomation_6595b64144ccf1df_1.0.3790.1830_x-ww_952c75b7
WinFLPENTHAMUI__WinFLP_THA.iso	PowerISO	d	93	93	none	/I386/WinSxS/setuppolicies	x86_policy.1.0.microsoft.windows.isolationautomation.proxystub_6595b64144ccf1df_x-ww_b9986d7f
WinFLPENTHAMUI__WinFLP_THA.iso	PowerISO	f	96	96	none	/I386/WinSxS/manifests	x86_microsoft.tools.visualcplusplus.runtime-libraries_6595b64144ccf1df_6.0.0.0_x-ww_ff9986d7.cat
WinFLPENTHAMUI__WinFLP_THA.iso	PowerISO	f	101	101	none	/I386/WinSxS/manifests	x86_microsoft.tools.visualcplusplus.runtime-libraries_6595b64144ccf1df_6.0.0.0_x-ww_ff9986d7.manifest
WinFLPENTHAMUI__WinFLP_THA.iso	PowerISO	f	87	87	none	/I386/WinSxS/manifests	x86_microsoft.windows.common-controls_6595b64144ccf1df_5.82.3790.1830_x-ww_1b6f474a.cat
WinFLPENTHAMUI__WinFLP_THA.iso	PowerISO	f	92	92	none	/I386/WinSxS/manifests	x86_microsoft.windows.common-controls_6595b64144ccf1df_5.82.3790.1830_x-ww_1b6f474a.manifest
WinFLPENTHAMUI__WinFLP_THA.iso	PowerISO	f	86	86	none	/I386/WinSxS/manifests	x86_microsoft.windows.common-controls_6595b64144ccf1df_6.0.3790.1830_x-ww_7ae38ccf.cat
WinFLPENTHAMUI__WinFLP_THA.iso	PowerISO	f	91	91	none	/I386/WinSxS/manifests	x86_microsoft.windows.common-controls_6595b64144ccf1df_6.0.3790.1830_x-ww_7ae38ccf.manifest
WinFLPENTHAMUI__WinFLP_THA.iso	PowerISO	f	87	87	none	/I386/WinSxS/manifests	x86_microsoft.windows.cplusplusruntime_6595b64144ccf1df_7.0.3790.1830_x-ww_84e4cbaf.cat
WinFLPENTHAMUI__WinFLP_THA.iso	PowerISO	f	92	92	none	/I386/WinSxS/manifests	x86_microsoft.windows.cplusplusruntime_6595b64144ccf1df_7.0.3790.1830_x-ww_84e4cbaf.manifest
WinFLPENTHAMUI__WinFLP_THA.iso	PowerISO	f	100	100	none	/I386/WinSxS/manifests	x86_microsoft.windows.isolationautomation.proxystub_6595b64144ccf1df_1.0.3790.1830_x-ww_148995c5.cat
WinFLPENTHAMUI__WinFLP_THA.iso	PowerISO	f	105	105	none	/I386/WinSxS/manifests	x86_microsoft.windows.isolationautomation.proxystub_6595b64144ccf1df_1.0.3790.1830_x-ww_148995c5.manifest
WinFLPENTHAMUI__WinFLP_THA.iso	PowerISO	f	90	90	none	/I386/WinSxS/manifests	x86_microsoft.windows.isolationautomation_6595b64144ccf1df_1.0.3790.1830_x-ww_952c75b7.cat
WinFLPENTHAMUI__WinFLP_THA.iso	PowerISO	f	95	95	none	/I386/WinSxS/manifests	x86_microsoft.windows.isolationautomation_6595b64144ccf1df_1.0.3790.1830_x-ww_952c75b7.manifest
WinFLPENTHAMUI__WinFLP_THA.iso	PowerISO	f	90	90	none	/I386/WinSxS/manifests	x86_microsoft.windows.networking.dxmrtp_6595b64144ccf1df_5.2.2.1830_x-ww_c1f0cd1a.manifest
WinFLPENTHAMUI__WinFLP_THA.iso	PowerISO	f	90	90	none	/I386/WinSxS/manifests	x86_microsoft.windows.networking.rtcdll_6595b64144ccf1df_5.2.2.1830_x-ww_5229f208.manifest
WinFLPENTHAMUI__WinFLP_THA.iso	PowerISO	f	88	88	none	/I386/WinSxS/manifests	x86_microsoft.windows.networking.rtcres_6595b64144ccf1df_5.2.2.1830_en_920eb233.manifest
WinFLPENTHAMUI__WinFLP_THA.iso	PowerISO	f	87	87	none	/I386/WinSxS/manifests	x86_microsoft.windows.systemcompatible_6595b64144ccf1df_5.2.3790.1830_x-ww_f67cee51.cat
WinFLPENTHAMUI__WinFLP_THA.iso	PowerISO	f	92	92	none	/I386/WinSxS/manifests	x86_microsoft.windows.systemcompatible_6595b64144ccf1df_5.2.3790.1830_x-ww_f67cee51.manifest
appz-2004-07__APPZ_200407.iso	Nero	d	88	88	none		PowerDVD.v5.0.1130.Deluxe.Multilingual.Dolby.Digital.EX.Cracked.Repack.WinAll-BetaMaster
avinash-vyash-albums__Avinash_Vyash_Albums.iso	PowerISO	f	101	101	none	/Unforgettable - Avinash Vyas (1992)	He Ranglo Jamyo Kalindi Ne Ghat   Purushottam Upadhyay   Unforgettable Avinash Vyas Gujrati Songs.mp3
avinash-vyash-albums__Avinash_Vyash_Albums.iso	PowerISO	f	95	95	none	/Dine with Avinash Vyas Top Hits (2019)	Bhader Tara Vaheta Pani   O Rang Rasiya   Gujarati Song   Mahendra Kapoor & Suman Kalyanpur.mp3
avinash-vyash-albums__Avinash_Vyash_Albums.iso	PowerISO	f	97	97	none	/Dine with Avinash Vyas Top Hits (2019)	Bhader Tara Vaheta Pani   Sona Vatkdi Re   Gujarati Song   Diwaliben Bhil & Lakhabhai Gadhavi.mp3
avinash-vyash-albums__Avinash_Vyash_Albums.iso	PowerISO	f	92	92	none	/Dine with Avinash Vyas Top Hits (2019)	Pani Gyata Re Ame Talavna Re   Gujarati Movie- Bhader Tara Vaheta Pani   Suman Kalyanpur.mp3
avinash-vyash-albums__Avinash_Vyash_Albums.iso	PowerISO	f	96	96	none	/Avinash Vyas- The Legend (2017)	Har Har Gauri Sange   Avinash Vyas feat. Suresh Wadkar and Sadhana Sargam   Red Ribbon Music.mp3
avinash-vyash-albums__Avinash_Vyash_Albums.iso	PowerISO	f	100	100	none	/Avinash Vyas- The Legend (2017)	Nindiya Rani   Gujarati Halarda (Lullaby) Song   Animated song   Lalitya Munshaw   RedRibbonKids.mp3
avinash-vyash-albums__Avinash_Vyash_Albums.iso	PowerISO	f	96	96	none	/Avinash Vyas Birthday Special (2019)	Har Har Gauri Sange   Avinash Vyas feat. Suresh Wadkar and Sadhana Sargam   Red Ribbon Music.mp3
avinash-vyash-albums__Avinash_Vyash_Albums.iso	PowerISO	f	100	100	none	/Avinash Vyas Birthday Special (2019)	Nindiya Rani   Gujarati Halarda (Lullaby) Song   Animated song   Lalitya Munshaw   RedRibbonKids.mp3
com-2013.08__com__2013.08.iso	Nero	f	88	86	none	/computer/Windows_Performance_Recorder/sdk/Patches/8.59.29750	Windows Software Development Kit for Metro style Apps DirectX x64 Remote-x64_en-us.msp;1
com-2013.08__com__2013.08.iso	Nero	f	88	86	none	/computer/Windows_Performance_Recorder/sdk/Patches/8.59.29750	Windows Software Development Kit for Metro style Apps DirectX x86 Remote-x86_en-us.msp;1
com-2013.08__com__2013.08.iso	Nero	f	88	86	none	/computer/Windows_Performance_Recorder/sdk/Installers	Windows Software Development Kit for Metro style Apps DirectX ARM Remote-arm_en-us.msi;1
com-2013.08__com__2013.08.iso	Nero	f	88	86	none	/computer/Windows_Performance_Recorder/sdk/Installers	Windows Software Development Kit for Metro style Apps DirectX x64 Remote-x64_en-us.msi;1
com-2013.08__com__2013.08.iso	Nero	f	88	86	none	/computer/Windows_Performance_Recorder/sdk/Installers	Windows Software Development Kit for Metro style Apps DirectX x86 Remote-x86_en-us.msi;1
deewadiben-bhil-albums__Deewadiben_Bhil_Albums.iso	PowerISO	f	96	96	none	/Gujaratnun Loksangeet (1981)	Varse Varse Ashadhi Kero Megh   Gujaratnun Loksangeet Folk Music Of Gujarat   Diwaliben Bhil.mp3
gujarati-movie-song-vol-01-a-to-k__Gujarati_Movie_Song_Vol-01__A_to_K_.iso	PowerISO	f	88	88	none	/Kashino Dikaro (1978)	Kashino Dikaro   Zina Zina Re Ankethi   Gujarati Song   Kaumudi Munshi & Vibha Desai.mp3
gujarati-movie-song-vol-01-a-to-k__Gujarati_Movie_Song_Vol-01__A_to_K_.iso	PowerISO	f	90	90	none	/Jog Sanjog (1980)	Jog-Sanjog   Hun Jamnagar Man Janmelo   Gujarati Song   Mahesh Kumar & Kamlesh Avasthi.mp3
gujarati-movie-song-vol-01-a-to-k__Gujarati_Movie_Song_Vol-01__A_to_K_.iso	PowerISO	f	94	132	Gujarati	/Jay Ranchhod (1975)	Khamma Mara Nandajinalal with lyrics   ખમ્મા મારા નંદજીનાલાલ   Asha Bhosle, Sulochana Vyas.mp3
gujarati-movie-song-vol-01-a-to-k__Gujarati_Movie_Song_Vol-01__A_to_K_.iso	PowerISO	f	93	93	none	/Jay Radal Maa (1977)	Jai Randal Maa   Anand Anand Karun Aarti   Gujarati Song   Harshada Rawal & Anand Kumar C.mp3
gujarati-movie-song-vol-01-a-to-k__Gujarati_Movie_Song_Vol-01__A_to_K_.iso	PowerISO	f	103	103	none	/Jay Radal Maa (1977)	Jai Randal Maa   He Kanude Kavaravya Gokuliyaman   Gujarati Song  Mahendra Kapoor & Usha Mangeshkar.mp3
gujarati-movie-song-vol-01-a-to-k__Gujarati_Movie_Song_Vol-01__A_to_K_.iso	PowerISO	f	90	90	none	/Jay Radal Maa (1977)	Jai Randal Maa   Jai Jai Mari Randal Ma   Gujarati Song   Harshada Rawal & Praful Dave.mp3
gujarati-movie-song-vol-01-a-to-k__Gujarati_Movie_Song_Vol-01__A_to_K_.iso	PowerISO	f	90	90	none	/Jay Khodiyar Maa (1976)	Jai Khodiar Ma   Aarti Utaro Maani   Gujarati Song   Usha Mangeshkar & Mahendra Kapoor.mp3
gujarati-movie-song-vol-01-a-to-k__Gujarati_Movie_Song_Vol-01__A_to_K_.iso	PowerISO	f	88	88	none	/Jay Khodiyar Maa (1976)	Jai Khodiar Ma   Natvar Nano Re   Gujarati Song   Usha Mangeshkar & Veljibhai Gajjar.mp3
gujarati-movie-song-vol-01-a-to-k__Gujarati_Movie_Song_Vol-01__A_to_K_.iso	PowerISO	f	98	98	none	/Janam Janam Na Saathi (1976)	Janam Janam Na Saathi   Aavo Gori Nadine Kinare   Gujarati Song   Mohd. Rafi & Usha Mangeshkar.mp3
gujarati-movie-song-vol-01-a-to-k__Gujarati_Movie_Song_Vol-01__A_to_K_.iso	PowerISO	f	94	94	none	/Janam Janam Na Saathi (1976)	Janam Janam Na Saathi   Title Song [Sad Version]   Gujarati Song   Bappi Lahiri & Anuradha.mp3
gujarati-movie-song-vol-01-a-to-k__Gujarati_Movie_Song_Vol-01__A_to_K_.iso	PowerISO	f	87	87	none	/Jaishri Yamuna Maharani	Jaishri Yamuna Maharani   Yamunashtak - [Part II]   Gujarati Song   Lata Mangeshkar.mp3
gujarati-movie-song-vol-01-a-to-k__Gujarati_Movie_Song_Vol-01__A_to_K_.iso	PowerISO	f	86	86	none	/Jagya Tyarthi Sawar (1982)	Jagya Tyarthi Sawar   Majhi O Savdhani   Gujarati Song   Anuradha & Naresh Kanodia.mp3
gujarati-movie-song-vol-01-a-to-k__Gujarati_Movie_Song_Vol-01__A_to_K_.iso	PowerISO	f	94	94	none	/Harish Chamdra Taramati (1974)	Harish Chandra Taramati   Hun To Bulbul Chhoon Banaras Gamni   Gujarati Song   Asha Bhosle.mp3
gujarati-movie-song-vol-01-a-to-k__Gujarati_Movie_Song_Vol-01__A_to_K_.iso	PowerISO	f	90	90	none	/Harish Chamdra Taramati (1974)	Harish Chandra Taramati   Madi Re Tane Ganga Ochhi Padse   Gujarati Song   Asha Bhosle.mp3
gujarati-movie-song-vol-01-a-to-k__Gujarati_Movie_Song_Vol-01__A_to_K_.iso	PowerISO	f	89	89	none	/Harish Chamdra Taramati (1974)	Harish Chandra Taramati   Pakdam Pakdi Pakdam Pakdi   Gujarati Song   Mahendra Kapoor.mp3
gujarati-movie-song-vol-01-a-to-k__Gujarati_Movie_Song_Vol-01__A_to_K_.iso	PowerISO	f	91	91	none	/Harish Chamdra Taramati (1974)	Harish Chandra Taramati   Tame Jo Jo Na Vayda Vitavjo   Gujarati Song   Mahendra Kapoor.mp3
gujarati-movie-song-vol-01-a-to-k__Gujarati_Movie_Song_Vol-01__A_to_K_.iso	PowerISO	f	92	92	none	/Halaman Jethvo (1977)	Halaman Jethwo   Ek Joie Juwandi Lakhman   Gujarati Song   Asha Bhosle & Mahendra Kapoor.mp3
gujarati-movie-song-vol-01-a-to-k__Gujarati_Movie_Song_Vol-01__A_to_K_.iso	PowerISO	f	86	86	none	/Halaman Jethvo (1977)	Halaman Jethwo   Mune Ekli Meline   Gujarati Song   Asha Bhosle & Veljibhai Gajjar.mp3
gujarati-movie-song-vol-01-a-to-k__Gujarati_Movie_Song_Vol-01__A_to_K_.iso	PowerISO	f	100	100	none	/Dukhada Khame Ee Dikri (1981)	He Sambhlile Mara   Gujarati Movie Song- Dukhada Khame Ee Deekare   Mahesh Kanodia & Priti Sagar.mp3
gujarati-movie-song-vol-01-a-to-k__Gujarati_Movie_Song_Vol-01__A_to_K_.iso	PowerISO	f	92	92	none	/Dukhada Khame Ee Dikri (1981)	Kone Jaie Karvi   Gujarati Movie Song- Dukhada Khame Ee Deekare   Anuradha & Praful Dave.mp3
gujarati-movie-song-vol-01-a-to-k__Gujarati_Movie_Song_Vol-01__A_to_K_.iso	PowerISO	f	107	107	none	/Dukhada Khame Ee Dikri (1981)	Tame Kiya Nagar Na Vasire   Gujarati Movie Song- Dukhada Khame Ee Deekare   Anuradha  u0026 Praful Dave.mp3
gujarati-movie-song-vol-01-a-to-k__Gujarati_Movie_Song_Vol-01__A_to_K_.iso	PowerISO	f	94	94	none	/Dholi (1982)	Dholi   Dholida Dhol Na Vagad   Gujarati Movie Song   Mahendra Kapoor & Karsandas Sagathia.mp3
gujarati-movie-song-vol-01-a-to-k__Gujarati_Movie_Song_Vol-01__A_to_K_.iso	PowerISO	f	110	110	none	/Dhola Maru (1983)/Cover	tnuor-676Z9F7DY47-Full-Image_GalleryCover-en-US-1580117804852._UY500_UX667_RI_V3uIq8ZT4FbMDRbOZ3VvZz3vXz~0.jpg
gujarati-movie-song-vol-01-a-to-k__Gujarati_Movie_Song_Vol-01__A_to_K_.iso	PowerISO	f	110	110	none	/Desh Re Joya Dada Pardesh Joya (1997)	Desh Re Joya Dada Pardesh Joya (1997) - Arvind Barot - Listen to Desh Re Joya Dada Pardesh Joya songs_mu~0.mp3
gujarati-movie-song-vol-01-a-to-k__Gujarati_Movie_Song_Vol-01__A_to_K_.iso	PowerISO	f	110	110	none	/Desh Re Joya Dada Pardesh Joya (1997)	Desh Re Joya Dada Pardesh Joya (1997) - Arvind Barot - Listen to Desh Re Joya Dada Pardesh Joya songs_mu~1.mp3
gujarati-movie-song-vol-01-a-to-k__Gujarati_Movie_Song_Vol-01__A_to_K_.iso	PowerISO	f	110	110	none	/Desh Re Joya Dada Pardesh Joya (1997)	Desh Re Joya Dada Pardesh Joya (1997) - Arvind Barot - Listen to Desh Re Joya Dada Pardesh Joya songs_mu~2.mp3
gujarati-movie-song-vol-01-a-to-k__Gujarati_Movie_Song_Vol-01__A_to_K_.iso	PowerISO	f	110	110	none	/Desh Re Joya Dada Pardesh Joya (1997)	Desh Re Joya Dada Pardesh Joya (1997) - Arvind Barot - Listen to Desh Re Joya Dada Pardesh Joya songs_mu~3.mp3
gujarati-movie-song-vol-01-a-to-k__Gujarati_Movie_Song_Vol-01__A_to_K_.iso	PowerISO	f	110	110	none	/Desh Re Joya Dada Pardesh Joya (1997)	Desh Re Joya Dada Pardesh Joya (1997) - Arvind Barot - Listen to Desh Re Joya Dada Pardesh Joya songs_mu~4.mp3
gujarati-movie-song-vol-01-a-to-k__Gujarati_Movie_Song_Vol-01__A_to_K_.iso	PowerISO	f	110	110	none	/Desh Re Joya Dada Pardesh Joya (1997)	Desh Re Joya Dada Pardesh Joya (1997) - Arvind Barot - Listen to Desh Re Joya Dada Pardesh Joya songs_mu~5.mp3
gujarati-movie-song-vol-01-a-to-k__Gujarati_Movie_Song_Vol-01__A_to_K_.iso	PowerISO	f	110	110	none	/Desh Re Joya Dada Pardesh Joya (1997)	Desh Re Joya Dada Pardesh Joya (1997) - Arvind Barot - Listen to Desh Re Joya Dada Pardesh Joya songs_mu~6.mp3
gujarati-movie-song-vol-01-a-to-k__Gujarati_Movie_Song_Vol-01__A_to_K_.iso	PowerISO	f	110	110	none	/Desh Re Joya Dada Pardesh Joya (1997)	Desh Re Joya Dada Pardesh Joya (1997) - Arvind Barot - Listen to Desh Re Joya Dada Pardesh Joya songs_mu~7.mp3
gujarati-movie-song-vol-01-a-to-k__Gujarati_Movie_Song_Vol-01__A_to_K_.iso	PowerISO	f	88	88	none	/Daku Rani Ganga (1975)	Daaku Rani Ganga   He Pavan Vasanti Vato   Gujarati song   Anandkumar C. & Manna Dey.mp3
gujarati-movie-song-vol-01-a-to-k__Gujarati_Movie_Song_Vol-01__A_to_K_.iso	PowerISO	f	87	87	none	/Daku Rani Ganga (1975)	Daku Rani Ganga   Bole Milan No Mor   Gujarati song   Asha Bhosle & Dilip Dholakiya.mp3
gujarati-movie-song-vol-01-a-to-k__Gujarati_Movie_Song_Vol-01__A_to_K_.iso	PowerISO	f	93	93	none	/Bhrashtachar Murdabad (1977)	Bhrashtachar Muradabad   O Raj Re   Gujarati Song   Mahendra Kapoor & Usha Mangeshkar (2).mp3
gujarati-movie-song-vol-01-a-to-k__Gujarati_Movie_Song_Vol-01__A_to_K_.iso	PowerISO	f	89	89	none	/Bhrashtachar Murdabad (1977)	Bhrashtachar Muradabad   O Raj Re   Gujarati Song   Mahendra Kapoor & Usha Mangeshkar.mp3
gujarati-movie-song-vol-01-a-to-k__Gujarati_Movie_Song_Vol-01__A_to_K_.iso	PowerISO	f	94	94	none	/Bhrashtachar Murdabad (1976)	Bhrashtachar Muradabad   O Raj Re   Gujarati Song   Mahendra Kapoor  u0026 Usha Mangeshkar.mp3
gujarati-movie-song-vol-01-a-to-k__Gujarati_Movie_Song_Vol-01__A_to_K_.iso	PowerISO	f	89	89	none	/Bhrashtachar Murdabad (1976)	Bhrashtachar Muradabad   O Raj Re   Gujarati Song   Mahendra Kapoor & Usha Mangeshkar.mp3
gujarati-movie-song-vol-01-a-to-k__Gujarati_Movie_Song_Vol-01__A_to_K_.iso	PowerISO	f	96	96	none	/Bhrashtachar Muradabad (1977)	Bhrashtachar Muradabad.1977.O Raj Re   Gujarati Song   Mahendra Kapoor & Usha Mangeshkar (2).mp3
gujarati-movie-song-vol-01-a-to-k__Gujarati_Movie_Song_Vol-01__A_to_K_.iso	PowerISO	f	93	93	none	/Bhaktashri Ranima Rudima (1980)	Bhaktashri Ranima Rudima   Nanpan Na Chhe   Gujarati Song   Praful Dave & Usha Mangeshkar.mp3
gujarati-movie-song-vol-01-a-to-k__Gujarati_Movie_Song_Vol-01__A_to_K_.iso	PowerISO	f	102	102	none	/Bhaktashri Ranima Rudima (1980)	Bhaktashri Ranima Rudima   Shun Re Karun Jasoda Maay Re   Gujarati Song   Hansa Dave & Praful Dave.mp3
gujarati-movie-song-vol-01-a-to-k__Gujarati_Movie_Song_Vol-01__A_to_K_.iso	PowerISO	f	92	92	none	/Bhai Bandhi (1989)	Bhai Bandhi   Chakli Nani Nefaidko Moto   Gujarati Song   Preeti Sagar & Mahendra Kapoor.mp3
gujarati-movie-song-vol-01-a-to-k__Gujarati_Movie_Song_Vol-01__A_to_K_.iso	PowerISO	f	98	98	none	/Bhai Bahen Chalya Mosal (1980)	Bhai Bahen Chalya Mosa   Gujarati Movie- Bhai Bahen Chalya Mosa   Madhavi Pandya & Praful Dave.mp3
gujarati-movie-song-vol-01-a-to-k__Gujarati_Movie_Song_Vol-01__A_to_K_.iso	PowerISO	f	96	96	none	/Bhagwan Shree Krishna (1984)	Bhagwaan Shree Krishna   Holi Aavi Re   Gujarati Movie Song   Asha Bhosle & Veljibhai Gajjar.mp3
gujarati-movie-song-vol-01-a-to-k__Gujarati_Movie_Song_Vol-01__A_to_K_.iso	PowerISO	f	96	96	none	/Bhagwan Shree Krishna (1984)	Bhagwaan Shree Krishna   Jal Kamal Chhandi (Part-1)   Gujarati Song   Anuradha & Madhu Bohra.mp3
gujarati-movie-song-vol-01-a-to-k__Gujarati_Movie_Song_Vol-01__A_to_K_.iso	PowerISO	f	99	99	none	/Bhagat Narshi Mehta 1980	Ashapuri Kar Ashavari Tu By Avinash Vyas  Bhagat narshi Mehta  Hit Gujarti Bhajan  Sudhir Dalvi.mp3
gujarati-movie-song-vol-01-a-to-k__Gujarati_Movie_Song_Vol-01__A_to_K_.iso	PowerISO	f	99	99	none	/Bhagat Narshi Mehta 1980	Ek Veslo Vaasno Katko By Avinash Vyas  Bhagat narshi Mehta  Gujarati Garba Songs  Navratri Hits.mp3
gujarati-movie-song-vol-01-a-to-k__Gujarati_Movie_Song_Vol-01__A_to_K_.iso	PowerISO	f	97	97	none	/Bhagat Narshi Mehta 1980	Jaag Ne Jaadava By Avinash Vyas  Bhagat narshi Mehta  Super Hit Gujarati Bhajan  Sudhir Dalvi.mp3
gujarati-movie-song-vol-01-a-to-k__Gujarati_Movie_Song_Vol-01__A_to_K_.iso	PowerISO	f	97	97	none	/Bhagat Narshi Mehta 1980	Mari Hundi Swikaro Maharaj Re By Avinash Vyas  Bhagat narshi Mehta  Super Hit Gujarati Bhajan.mp3
gujarati-movie-song-vol-01-a-to-k__Gujarati_Movie_Song_Vol-01__A_to_K_.iso	PowerISO	f	97	97	none	/Bhagat Narshi Mehta 1980	Naath Tame Nirdhaniya By Avinash Vyas  Bhagat narshi Mehta  Hit Gujarati Bhajan  Sudhir Dalvi.mp3
gujarati-movie-song-vol-01-a-to-k__Gujarati_Movie_Song_Vol-01__A_to_K_.iso	PowerISO	f	99	99	none	/Bhagat Narshi Mehta 1980	Pat Mori Rakho Jag Data By Avinash Vyas  Bhagat narshi Mehta  Hit Gujarati Bhajan  Sudhir Dalvi.mp3
gujarati-movie-song-vol-01-a-to-k__Gujarati_Movie_Song_Vol-01__A_to_K_.iso	PowerISO	f	93	93	none	/Bhagat Narshi Mehta 1980	Taagad Dhin Taagad Dhin Nobat Gaaje By Avinash Vyas  Bhagat narshi Mehta  Gujarati Bhajan.mp3
gujarati-movie-song-vol-01-a-to-k__Gujarati_Movie_Song_Vol-01__A_to_K_.iso	PowerISO	f	92	92	none	/Bhagat Narshi Mehta 1980	Vaishnav jan To Tene Kahiye By Avinas Vash  Bhagat narshi Mehta  Hit Gujarati Bhajan (1).mp3
gujarati-movie-song-vol-01-a-to-k__Gujarati_Movie_Song_Vol-01__A_to_K_.iso	PowerISO	f	102	102	none	/Bhagat Gora Kumbhar (1978)	Bhagat Gora Kumbhar   Validani Vansali Kyan Vaagi   Gujarati Song   Damayanti Bardai & Praful Dave.mp3
gujarati-movie-song-vol-01-a-to-k__Gujarati_Movie_Song_Vol-01__A_to_K_.iso	PowerISO	f	97	97	none	/Bhabhi (1976)	Bhabhi   Sava Bashenun Maru Datardu   Gujarati Movie Song   Mahendra Kapoor & Suman Kalyanpur.mp3
gujarati-movie-song-vol-01-a-to-k__Gujarati_Movie_Song_Vol-01__A_to_K_.iso	PowerISO	f	93	93	none	/Ashadhi Beej (1979)	Ashadhi Beej   Ashadhi Beejni Raataldi   Gujarati Song   Diwaliben Bhil & Usha Mangeshkar.mp3
gujarati-movie-song-vol-01-a-to-k__Gujarati_Movie_Song_Vol-01__A_to_K_.iso	PowerISO	f	98	98	none	/Ashadhi Beej (1979)	Ashadhi Beej   Ja Jare Roya Luchcha Gamar   Gujarati Song   Praful Dave  u0026 Usha Mangeshkar.mp3
gujarati-movie-song-vol-01-a-to-k__Gujarati_Movie_Song_Vol-01__A_to_K_.iso	PowerISO	f	90	90	none	/Ashadhi Beej (1979)	Ashadhi Beej   Paal Mathe Peepalo   Gujarati Song   Bharati Kunchala & Mahendra Kapoor.mp3
gujarati-movie-song-vol-01-a-to-k__Gujarati_Movie_Song_Vol-01__A_to_K_.iso	PowerISO	f	110	110	none	/Anganiya Sajavo Raj (1999)	Anganiya Sajavo Raj (1999) - Meena Patel - Listen to Anganiya Sajavo Raj songs_music online - MusicIndia~0.mp3
gujarati-movie-song-vol-01-a-to-k__Gujarati_Movie_Song_Vol-01__A_to_K_.iso	PowerISO	f	110	110	none	/Anganiya Sajavo Raj (1999)	Anganiya Sajavo Raj (1999) - Meena Patel - Listen to Anganiya Sajavo Raj songs_music online - MusicIndia~1.mp3
gujarati-movie-song-vol-01-a-to-k__Gujarati_Movie_Song_Vol-01__A_to_K_.iso	PowerISO	f	110	110	none	/Anganiya Sajavo Raj (1999)	Anganiya Sajavo Raj (1999) - Meena Patel - Listen to Anganiya Sajavo Raj songs_music online - MusicIndia~2.mp3
gujarati-movie-song-vol-01-a-to-k__Gujarati_Movie_Song_Vol-01__A_to_K_.iso	PowerISO	f	110	110	none	/Anganiya Sajavo Raj (1999)	Anganiya Sajavo Raj (1999) - Meena Patel - Listen to Anganiya Sajavo Raj songs_music online - MusicIndia~3.mp3
gujarati-movie-song-vol-01-a-to-k__Gujarati_Movie_Song_Vol-01__A_to_K_.iso	PowerISO	f	110	110	none	/Anganiya Sajavo Raj (1999)	Anganiya Sajavo Raj (1999) - Meena Patel - Listen to Anganiya Sajavo Raj songs_music online - MusicIndia~4.mp3
gujarati-movie-song-vol-01-a-to-k__Gujarati_Movie_Song_Vol-01__A_to_K_.iso	PowerISO	f	110	110	none	/Anganiya Sajavo Raj (1999)	Anganiya Sajavo Raj (1999) - Meena Patel - Listen to Anganiya Sajavo Raj songs_music online - MusicIndia~5.mp3
gujarati-movie-song-vol-01-a-to-k__Gujarati_Movie_Song_Vol-01__A_to_K_.iso	PowerISO	f	110	110	none	/Anganiya Sajavo Raj (1999)	Anganiya Sajavo Raj (1999) - Meena Patel - Listen to Anganiya Sajavo Raj songs_music online - MusicIndia~6.mp3
gujarati-movie-song-vol-01-a-to-k__Gujarati_Movie_Song_Vol-01__A_to_K_.iso	PowerISO	f	86	86	none	/Amar Devdas (1981)	Gokulni Govalni Re Jobaniye   Gujarati Movie Song   Praful Dave & Damayanti Bardai.mp3
gujarati-movie-song-vol-02-l-to-r__Gujarati_Movie_Song_Vol-02__L_to_R_.iso	PowerISO	f	90	90	none	/Raja Gopichand (1979)	Eklo Re Jaje Dikra Kano Desh Re Bharathri - Raja Gopichand - Gujarati devotional Songs.mp3
gujarati-movie-song-vol-02-l-to-r__Gujarati_Movie_Song_Vol-02__L_to_R_.iso	PowerISO	f	87	87	none	/Prutravadhu (1982)	Aankhadi Ladi   Naresh Kanodia, Kanchan, Badri Pawar, Usha Timothy   Putravadhu (2).mp3
gujarati-movie-song-vol-02-l-to-r__Gujarati_Movie_Song_Vol-02__L_to_R_.iso	PowerISO	f	106	106	none	/Pardesi Maniyaro (1998)	Chhokara Rup Maru Manto Jaa   Pardeshi Maniyaro   Gujarati Love Songs   Naresh Kanodia, Roma Manek (2).mp3
gujarati-movie-song-vol-02-l-to-r__Gujarati_Movie_Song_Vol-02__L_to_R_.iso	PowerISO	f	102	102	none	/Pardesi Maniyaro (1998)	Chhokara Rup Maru Manto Jaa   Pardeshi Maniyaro   Gujarati Love Songs   Naresh Kanodia, Roma Manek.mp3
gujarati-movie-song-vol-02-l-to-r__Gujarati_Movie_Song_Vol-02__L_to_R_.iso	PowerISO	f	108	108	none	/Pardesi Maniyaro (1998)	Dhanya Dhara Mara Gujarat Ni   Pardeshi Maniyaro   Gujarati Garba Songs   Naresh Kanodia, Roma Manek (2).mp3
gujarati-movie-song-vol-02-l-to-r__Gujarati_Movie_Song_Vol-02__L_to_R_.iso	PowerISO	f	104	104	none	/Pardesi Maniyaro (1998)	Dhanya Dhara Mara Gujarat Ni   Pardeshi Maniyaro   Gujarati Garba Songs   Naresh Kanodia, Roma Manek.mp3
gujarati-movie-song-vol-02-l-to-r__Gujarati_Movie_Song_Vol-02__L_to_R_.iso	PowerISO	f	88	88	none	/Pardesi Maniyaro (1998)	Kedlo Maro Meli De   Pardeshi Maniyaro   Gujarati Songs   Naresh Kanodia, Roma Manek.mp3
gujarati-movie-song-vol-02-l-to-r__Gujarati_Movie_Song_Vol-02__L_to_R_.iso	PowerISO	f	101	101	none	/Pardesi Maniyaro (1998)	Lal Gadi Aavi Gulabi Gajaro Lavi   Pardeshi Maniyaro   Gujarati Song   Naresh Kanodia, Roma Manek.mp3
gujarati-movie-song-vol-02-l-to-r__Gujarati_Movie_Song_Vol-02__L_to_R_.iso	PowerISO	f	87	87	none	/Pardesi Maniyaro (1998)	Mat Jajo Mat Jajo   Pardeshi Maniyaro   Gujarati Songs   Naresh Kanodia, Roma Manek.mp3
gujarati-movie-song-vol-02-l-to-r__Gujarati_Movie_Song_Vol-02__L_to_R_.iso	PowerISO	f	101	101	none	/Pardesi Maniyaro (1998)	Mat Jajo Pardesh Piyuda Mat Jajo   Pardeshi Maniyaro   Gujarati Song   Naresh Kanodia, Roma Manek.mp3
gujarati-movie-song-vol-02-l-to-r__Gujarati_Movie_Song_Vol-02__L_to_R_.iso	PowerISO	f	101	101	none	/Paraka Padar Ni Gorande (2003)	Paraka Padar Ni Gorande - Listen to Paraka Padar Ni Gorande songs_music online - MusicIndiaOnline.mp3
gujarati-movie-song-vol-02-l-to-r__Gujarati_Movie_Song_Vol-02__L_to_R_.iso	PowerISO	f	103	103	none	/Paraka Padar Ni Gorande (2003)	Paraka Padar Ni Gorande - Listen to Paraka Padar Ni Gorande songs_music online - MusicIndiaOnline_2.mp3
gujarati-movie-song-vol-02-l-to-r__Gujarati_Movie_Song_Vol-02__L_to_R_.iso	PowerISO	f	103	103	none	/Paraka Padar Ni Gorande (2003)	Paraka Padar Ni Gorande - Listen to Paraka Padar Ni Gorande songs_music online - MusicIndiaOnline_3.mp3
gujarati-movie-song-vol-02-l-to-r__Gujarati_Movie_Song_Vol-02__L_to_R_.iso	PowerISO	f	103	103	none	/Paraka Padar Ni Gorande (2003)	Paraka Padar Ni Gorande - Listen to Paraka Padar Ni Gorande songs_music online - MusicIndiaOnline_4.mp3
gujarati-movie-song-vol-02-l-to-r__Gujarati_Movie_Song_Vol-02__L_to_R_.iso	PowerISO	f	103	103	none	/Paraka Padar Ni Gorande (2003)	Paraka Padar Ni Gorande - Listen to Paraka Padar Ni Gorande songs_music online - MusicIndiaOnline_5.mp3
gujarati-movie-song-vol-02-l-to-r__Gujarati_Movie_Song_Vol-02__L_to_R_.iso	PowerISO	f	103	103	none	/Paraka Padar Ni Gorande (2003)	Paraka Padar Ni Gorande - Listen to Paraka Padar Ni Gorande songs_music online - MusicIndiaOnline_6.mp3
gujarati-movie-song-vol-02-l-to-r__Gujarati_Movie_Song_Vol-02__L_to_R_.iso	PowerISO	f	103	103	none	/Paraka Padar Ni Gorande (2003)	Paraka Padar Ni Gorande - Listen to Paraka Padar Ni Gorande songs_music online - MusicIndiaOnline_7.mp3
gujarati-movie-song-vol-02-l-to-r__Gujarati_Movie_Song_Vol-02__L_to_R_.iso	PowerISO	f	103	103	none	/Paraka Padar Ni Gorande (2003)	Paraka Padar Ni Gorande - Listen to Paraka Padar Ni Gorande songs_music online - MusicIndiaOnline_8.mp3
gujarati-movie-song-vol-02-l-to-r__Gujarati_Movie_Song_Vol-02__L_to_R_.iso	PowerISO	f	98	122	Gujarati	/Meru Malan (1985)	Jaag Re Malan Jaag   જાગ રે માલણ જાગ   Audio Song   Meru malan   Praful Dave   Mahesh - Naresh.mp3
gujarati-movie-song-vol-02-l-to-r__Gujarati_Movie_Song_Vol-02__L_to_R_.iso	PowerISO	f	100	124	Gujarati	/Meru Malan (1985)	Jaag Re Malan Jaag   જાગ રે માલણ જાગ   Audio Song   Meru malan   Praful Dave   Mahesh - Naresh_2.mp3
gujarati-movie-song-vol-02-l-to-r__Gujarati_Movie_Song_Vol-02__L_to_R_.iso	PowerISO	f	94	136	Gujarati	/Meru Malan (1985)	Ke Odhni Odhu Odhu Ne   Audio Song   ઓઢની ઓઢું ઓઢું ને ઊડી જાયે   Alka Yagnik   Paful Dave.mp3
gujarati-movie-song-vol-02-l-to-r__Gujarati_Movie_Song_Vol-02__L_to_R_.iso	PowerISO	f	93	133	Gujarati	/Meru Malan (1985)	Tu Maro Meru Tu Mari Malan   તુ મારો મેરુ તુ મારી માલણ   Usha Mangeshkar, Viraj Upadhyaya.mp3
gujarati-movie-song-vol-02-l-to-r__Gujarati_Movie_Song_Vol-02__L_to_R_.iso	PowerISO	f	95	135	Gujarati	/Meru Malan (1985)	Tu Maro Meru Tu Mari Malan   તુ મારો મેરુ તુ મારી માલણ   Usha Mangeshkar, Viraj Upadhyaya_2.mp3
gujarati-movie-song-vol-02-l-to-r__Gujarati_Movie_Song_Vol-02__L_to_R_.iso	PowerISO	f	90	90	none	/Mendi Rang Lagyo (1960)/Movie Print Song	Nayan Chakchoor Chhe Mohammad Rafi Lata Mangeshkar Mehndi Rang Lagyo Music Chitragupta.mp3
gujarati-movie-song-vol-02-l-to-r__Gujarati_Movie_Song_Vol-02__L_to_R_.iso	PowerISO	f	86	86	none	/Mena Gurjari (1975)	Chundadi Odhadi Mane Yashdana Kaan Gheli Kari mena gurjari Gujarati Marriage songs.mp3
gujarati-movie-song-vol-02-l-to-r__Gujarati_Movie_Song_Vol-02__L_to_R_.iso	PowerISO	f	97	97	none	/Mena Gurjari (1975)	Mena Gurjari 1975 Ardhi Raataldiye Mane Re Jagadi Chhandhhede Dilip Dholakia, Usha Mangeshkar.mp3
gujarati-movie-song-vol-02-l-to-r__Gujarati_Movie_Song_Vol-02__L_to_R_.iso	PowerISO	f	110	110	none	/Mehandi rang Lagyo (2002)	Mehandi Rang Lagyo - Anand-Milind, Mahesh - Naresh - Listen to Mehandi Rang Lagyo songs_music online - M~0.mp3
gujarati-movie-song-vol-02-l-to-r__Gujarati_Movie_Song_Vol-02__L_to_R_.iso	PowerISO	f	110	110	none	/Mehandi rang Lagyo (2002)	Mehandi Rang Lagyo - Anand-Milind, Mahesh - Naresh - Listen to Mehandi Rang Lagyo songs_music online - M~1.mp3
gujarati-movie-song-vol-02-l-to-r__Gujarati_Movie_Song_Vol-02__L_to_R_.iso	PowerISO	f	110	110	none	/Mehandi rang Lagyo (2002)	Mehandi Rang Lagyo - Anand-Milind, Mahesh - Naresh - Listen to Mehandi Rang Lagyo songs_music online - M~2.mp3
gujarati-movie-song-vol-02-l-to-r__Gujarati_Movie_Song_Vol-02__L_to_R_.iso	PowerISO	f	110	110	none	/Mehandi rang Lagyo (2002)	Mehandi Rang Lagyo - Anand-Milind, Mahesh - Naresh - Listen to Mehandi Rang Lagyo songs_music online - M~3.mp3
gujarati-movie-song-vol-02-l-to-r__Gujarati_Movie_Song_Vol-02__L_to_R_.iso	PowerISO	f	110	110	none	/Mehandi rang Lagyo (2002)	Mehandi Rang Lagyo - Anand-Milind, Mahesh - Naresh - Listen to Mehandi Rang Lagyo songs_music online - M~4.mp3
gujarati-movie-song-vol-02-l-to-r__Gujarati_Movie_Song_Vol-02__L_to_R_.iso	PowerISO	f	110	110	none	/Mehandi rang Lagyo (2002)	Mehandi Rang Lagyo - Anand-Milind, Mahesh - Naresh - Listen to Mehandi Rang Lagyo songs_music online - M~5.mp3
gujarati-movie-song-vol-02-l-to-r__Gujarati_Movie_Song_Vol-02__L_to_R_.iso	PowerISO	f	110	110	none	/Mehandi rang Lagyo (2002)	Mehandi Rang Lagyo - Anand-Milind, Mahesh - Naresh - Listen to Mehandi Rang Lagyo songs_music online - M~6.mp3
gujarati-movie-song-vol-02-l-to-r__Gujarati_Movie_Song_Vol-02__L_to_R_.iso	PowerISO	f	94	94	none	/Marad No Mandavo (1983)	Amo Tara Sahare O Mata   Marad No Mandavo   Naresh Kanodia, Prema Narayan   Gujarati Songs.mp3
gujarati-movie-song-vol-02-l-to-r__Gujarati_Movie_Song_Vol-02__L_to_R_.iso	PowerISO	f	95	95	none	/Marad No Mandavo (1983)	Bhagwati Bheed Bhang Ne   Marad No Mandavo   Naresh Kanodia, Prema Narayan   Gujarati Songs.mp3
gujarati-movie-song-vol-02-l-to-r__Gujarati_Movie_Song_Vol-02__L_to_R_.iso	PowerISO	f	86	86	none	/Marad No Mandavo (1983)	He Rang Rasiyo   Marad No Mandavo   Naresh Kanodia, Prema Narayan   Gujarati Songs.mp3
gujarati-movie-song-vol-02-l-to-r__Gujarati_Movie_Song_Vol-02__L_to_R_.iso	PowerISO	f	90	90	none	/Marad No Mandavo (1983)	Lagyo Amba Bhavani No Rang Lagyo   Marad No Mandavo   Gujarati Songs   Devotional Song.mp3
gujarati-movie-song-vol-02-l-to-r__Gujarati_Movie_Song_Vol-02__L_to_R_.iso	PowerISO	f	89	89	none	/Marad No Mandavo (1983)	Lagyo Amba Bhavanino Rang Lagyo   Marad No Mandavo   Gujarati Song   Devotional Songs.mp3
gujarati-movie-song-vol-02-l-to-r__Gujarati_Movie_Song_Vol-02__L_to_R_.iso	PowerISO	f	92	92	none	/Marad No Mandavo (1983)	Mara Joban Na Vaarle   Marad No Mandavo   Naresh Kanodia, Prema Narayan   Gujarati Songs.mp3
gujarati-movie-song-vol-02-l-to-r__Gujarati_Movie_Song_Vol-02__L_to_R_.iso	PowerISO	f	101	101	none	/Marad No Mandavo (1983)	O Gori Tame Amara Man Hariya   Marad No Mandavo   Naresh Kanodia, Prema Narayan   Gujarati Songss.mp3
gujarati-movie-song-vol-02-l-to-r__Gujarati_Movie_Song_Vol-02__L_to_R_.iso	PowerISO	f	93	93	none	/Marad No Mandavo (1983)	O Mavadi Taro Saharo   Marad No Mandavo   Naresh Kanodia, Prema Narayan,   Gujarati Songs.mp3
gujarati-movie-song-vol-02-l-to-r__Gujarati_Movie_Song_Vol-02__L_to_R_.iso	PowerISO	f	94	114	Gujarati	/Machhu Tara Vaheta Paani	Sati Ame Valu Tu  Machchu Tara Vahata Paani મચછ તર વહત પન Movie  Upendra Trivedi  Snehlata.mp3
gujarati-movie-song-vol-02-l-to-r__Gujarati_Movie_Song_Vol-02__L_to_R_.iso	PowerISO	f	101	131	Gujarati	/Machhu Tara Vaheta Paani	ખેલો ખેલો રામ દેવા Khelo Khelo Ram Deva Gujarati Video Song  Machu Tara Vehta Pani  Gujarati Geet.mp3
gujarati-movie-song-vol-02-l-to-r__Gujarati_Movie_Song_Vol-02__L_to_R_.iso	PowerISO	f	101	137	Gujarati	/Machhu Tara Vaheta Paani	મચ્છુ તારા વેહતા પાણી  Machu Tara Vehta Pani Gujarati Video Song   Upendra Trivedi  Gujarati Geet.mp3
gujarati-movie-song-vol-02-l-to-r__Gujarati_Movie_Song_Vol-02__L_to_R_.iso	PowerISO	f	110	110	none	/Maare Todale Betho Mor (1991)	Maare Todale Betho Mor (1991) - Mahesh-Naresh - Listen to Maare Todale Betho Mor songs_music online - Mu~0.mp3
gujarati-movie-song-vol-02-l-to-r__Gujarati_Movie_Song_Vol-02__L_to_R_.iso	PowerISO	f	110	110	none	/Maare Todale Betho Mor (1991)	Maare Todale Betho Mor (1991) - Mahesh-Naresh - Listen to Maare Todale Betho Mor songs_music online - Mu~1.mp3
gujarati-movie-song-vol-02-l-to-r__Gujarati_Movie_Song_Vol-02__L_to_R_.iso	PowerISO	f	110	110	none	/Maare Todale Betho Mor (1991)	Maare Todale Betho Mor (1991) - Mahesh-Naresh - Listen to Maare Todale Betho Mor songs_music online - Mu~2.mp3
gujarati-movie-song-vol-02-l-to-r__Gujarati_Movie_Song_Vol-02__L_to_R_.iso	PowerISO	f	110	110	none	/Maare Todale Betho Mor (1991)	Maare Todale Betho Mor (1991) - Mahesh-Naresh - Listen to Maare Todale Betho Mor songs_music online - Mu~3.mp3
gujarati-movie-song-vol-02-l-to-r__Gujarati_Movie_Song_Vol-02__L_to_R_.iso	PowerISO	f	110	110	none	/Maare Todale Betho Mor (1991)	Maare Todale Betho Mor (1991) - Mahesh-Naresh - Listen to Maare Todale Betho Mor songs_music online - Mu~4.mp3
gujarati-movie-song-vol-02-l-to-r__Gujarati_Movie_Song_Vol-02__L_to_R_.iso	PowerISO	f	110	110	none	/Maare Todale Betho Mor (1991)	Maare Todale Betho Mor (1991) - Mahesh-Naresh - Listen to Maare Todale Betho Mor songs_music online - Mu~5.mp3
gujarati-movie-song-vol-02-l-to-r__Gujarati_Movie_Song_Vol-02__L_to_R_.iso	PowerISO	f	100	100	none	/Lankani Ladi Ne Ghoghano Var (1978)	Lankani Ladi Ne Ghoghanovar   He Jode Rahe Jo Raj   Gujarati Song   Praful Dave & Diwaliben Bhil.mp3
gujarati-movie-song-vol-02-l-to-r__Gujarati_Movie_Song_Vol-02__L_to_R_.iso	PowerISO	f	100	100	none	/Lankani Ladi Ne Ghoghano Var (1978)	Lankani Ladi Ne Ghoghanovar   Laving Keri Lakadi   Gujarati Song   Praful Dave & Usha Mangeshkar.mp3
gujarati-movie-song-vol-02-l-to-r__Gujarati_Movie_Song_Vol-02__L_to_R_.iso	PowerISO	f	87	87	none	/Lankani Ladi Ne Ghoghano Var (1978)	Lankani Ladi Ne Ghoghanovar   Mara Sahyabani Pachadie   Gujarati Song   Rajul Mehta.mp3
gujarati-movie-song-vol-02-l-to-r__Gujarati_Movie_Song_Vol-02__L_to_R_.iso	PowerISO	f	91	91	none	/Lankani Ladi Ne Ghoghano Var (1978)	Lankani Ladi Ne Ghoghanovar   Meladi Maani   Gujarati Song   Praful Dave & Pranlal Vyas.mp3
gujarati-movie-song-vol-02-l-to-r__Gujarati_Movie_Song_Vol-02__L_to_R_.iso	PowerISO	f	99	99	none	/Lankani Ladi Ne Ghoghano Var (1978)	Lankani Ladi Ne Ghoghanovar   Ramnan Baan Vagyan   Gujarati Song   Praful Dave & Diwaliben Bhil.mp3
gujarati-movie-song-vol-02-l-to-r__Gujarati_Movie_Song_Vol-02__L_to_R_.iso	PowerISO	f	98	98	none	/Lankani Ladi Ne Ghoghano Var (1978)	Lankani Ladi Ne Ghoghanovar   Rumal Maro Leta Jajo [ Lokgeet]   Gujarati Song   Diwaliben Bhil.mp3
gujarati-movie-song-vol-02-l-to-r__Gujarati_Movie_Song_Vol-02__L_to_R_.iso	PowerISO	f	91	91	none	/Lankani Ladi Ne Ghoghano Var (1978)	Lankani Ladi Ne Ghoghanovar  Title Song   Gujarati Song   Diwaliben Bhil & Anandkumar C.mp3
gujarati-movie-song-vol-02-l-to-r__Gujarati_Movie_Song_Vol-02__L_to_R_.iso	PowerISO	f	88	88	none	/Lalwadi Pholwadi (1979)	Lalwadi Pholwadi   Aso Masna Ajwalan   Gujarati Song   Usha Mangeshkar & Praful Dave.mp3
gujarati-movie-song-vol-03-s-to-z__Gujarati_Movie_Song_Vol-03__S_to_Z_.iso	PowerISO	f	103	103	none	/Ver Ni Vasulat (1978)	Most Famous Song  Mero Khoi Gayao Baju Band  Special Haryanvi Song - Ram Avtar Sharma #Ambey Bhakti.mp3
gujarati-movie-song-vol-03-s-to-z__Gujarati_Movie_Song_Vol-03__S_to_Z_.iso	PowerISO	f	109	109	none	/Veer Baavaawaalo (1990)	Veer Baavaawaalo (1990) - Gaurang Vyas - Listen to Veer Baavaawaalo songs_music online - MusicIndiaOnline.mp3
gujarati-movie-song-vol-03-s-to-z__Gujarati_Movie_Song_Vol-03__S_to_Z_.iso	PowerISO	f	110	110	none	/Veer Baavaawaalo (1990)	Veer Baavaawaalo (1990) - Gaurang Vyas - Listen to Veer Baavaawaalo songs_music online - MusicIndiaOnlin~0.mp3
gujarati-movie-song-vol-03-s-to-z__Gujarati_Movie_Song_Vol-03__S_to_Z_.iso	PowerISO	f	110	110	none	/Veer Baavaawaalo (1990)	Veer Baavaawaalo (1990) - Gaurang Vyas - Listen to Veer Baavaawaalo songs_music online - MusicIndiaOnlin~1.mp3
gujarati-movie-song-vol-03-s-to-z__Gujarati_Movie_Song_Vol-03__S_to_Z_.iso	PowerISO	f	110	110	none	/Veer Baavaawaalo (1990)	Veer Baavaawaalo (1990) - Gaurang Vyas - Listen to Veer Baavaawaalo songs_music online - MusicIndiaOnlin~2.mp3
gujarati-movie-song-vol-03-s-to-z__Gujarati_Movie_Song_Vol-03__S_to_Z_.iso	PowerISO	f	110	110	none	/Veer Baavaawaalo (1990)	Veer Baavaawaalo (1990) - Gaurang Vyas - Listen to Veer Baavaawaalo songs_music online - MusicIndiaOnlin~3.mp3
gujarati-movie-song-vol-03-s-to-z__Gujarati_Movie_Song_Vol-03__S_to_Z_.iso	PowerISO	f	86	120	Gujarati	/Tame Re Champo Ne AMe Khed	Tame Re Champo Ne Ame Kel   તમે રે ચંપો ને અમે કેળ   Praful Dave, Anuradha Paudwal.mp3
gujarati-movie-song-vol-03-s-to-z__Gujarati_Movie_Song_Vol-03__S_to_Z_.iso	PowerISO	f	104	192	Gujarati	/Snehlata (1936)	ગઈ આજ જગત તું ત્યાગી. રાજકુમારી.૧૯૩૬ની ફિલ્મ 'સ્નેહલતા'. Gai aaj jagat tu tyagi. Rajkumari. Snehlata.mp3
gujarati-movie-song-vol-03-s-to-z__Gujarati_Movie_Song_Vol-03__S_to_Z_.iso	PowerISO	f	104	198	Gujarati	/Snehlata (1936)	તમે મારા દેવના દીધેલ છો. રાજકુમારી. ૧૯૩૬ની ફિલ્મ 'સ્નેહલતા'. Tame mara devna didhel chho. Rajkumari..mp3
gujarati-movie-song-vol-03-s-to-z__Gujarati_Movie_Song_Vol-03__S_to_Z_.iso	PowerISO	f	103	213	Gujarati	/Snehlata (1936)	૧૯૩૬ની ગુજરાતી ફિલ્મ 'સ્નેહલતા'નું ગીત. વિષમ પ્રેમના પંથ. રાજકુમારી. Visham premna panth. Rajkumari.mp3
gujarati-movie-song-vol-03-s-to-z__Gujarati_Movie_Song_Vol-03__S_to_Z_.iso	PowerISO	f	104	218	Gujarati	/Snehlata (1936)	૧૯૩૬ની ગુજરાતી ફિલ્મ 'સ્નેહલતા'નું ગીત. સહુ સહુની મસ્તીમાં. રાજકુમારી.Sahu sahuni mastima. Rajkumari.mp3
gujarati-movie-song-vol-03-s-to-z__Gujarati_Movie_Song_Vol-03__S_to_Z_.iso	PowerISO	f	101	183	Gujarati	/Sansar Leela (1933)	એક જ લટ વિખરાણી. રાજકુમારી. ૧૯૩૩ની ફિલ્મ 'સંસાર લીલા'. Ek j lat vikhrani. Rajkumari. Sansar Leela.mp3
gujarati-movie-song-vol-03-s-to-z__Gujarati_Movie_Song_Vol-03__S_to_Z_.iso	PowerISO	f	104	192	Gujarati	/Sansar Leela (1933)	તરસ્યાને પાણી પાઓ. રાજકુમારી. ૧૯૩૩ની ફિલ્મ 'સંસાર લીલા'. Tarsyane pani pao. Rajkumari. Sansar Leela..mp3
hp-office-jet-6500-e-709n-aio-driver-and-software__HP_OfficeJet_6500_E709n_AIO_Driver_and_Software.iso	IMAPI	f	100	99	none	/HP Downloads	HP Officejet Software und Treiber für alle Funktionen - OJ_AIO_6500_E709_Full_Win_WW_140_408-5.exe;1
jp_windows_xp_professional_x64__WINXP_X64_UPDJP.iso	MagicISO	f	93	93	none	/Service Pack 2	windowsserver2003.windowsxp-kb914961-sp2-x64-jpn_c725a8c4e03803b12a9ac8820e964dbc377a80dc.exe
jp_windows_xp_professional_x64__WINXP_X64_UPDJP.iso	MagicISO	f	94	94	none	/Post-SP2 Updates	ie7-windowsserver2003.windowsxp-kb2879017-x64-jpn_5e08b905b41adaacd07c43bcfb202c354a090c63.exe
jp_windows_xp_professional_x64__WINXP_X64_UPDJP.iso	MagicISO	f	91	91	none	/Post-SP2 Updates	ie8-windowsserver2003-kb4018271-x64-custom-jpn_e472abd790ffde30544295eebdec30bd20ec98f8.exe
jp_windows_xp_professional_x64__WINXP_X64_UPDJP.iso	MagicISO	f	94	94	none	/Post-SP2 Updates	ie8-windowsserver2003.windowsxp-kb2706045-x64-jpn_25753c08e116e47fe3f60daf4bd79bf0ee09593f.exe
jp_windows_xp_professional_x64__WINXP_X64_UPDJP.iso	MagicISO	f	93	93	none	/Post-SP2 Updates	ie8-windowsserver2003.windowsxp-kb982632-x64-jpn_390040ba745b1cd01835e9f36a6c359f06a2f45e.exe
jp_windows_xp_professional_x64__WINXP_X64_UPDJP.iso	MagicISO	f	89	89	none	/Post-SP2 Updates	windowsserver2003.windowsxp-kb941569-x64-jpn_104ab4958d918f71cbcf140eda5cb75bd8dbe436.exe
jp_windows_xp_professional_x64__WINXP_X64_UPDJP.iso	MagicISO	f	89	89	none	/Post-SP2 Updates	windowsserver2003.windowsxp-kb944653-x64-jpn_19ad0dfc986a3144123cacb11d8dc03aecd4a0ba.exe
jp_windows_xp_professional_x64__WINXP_X64_UPDJP.iso	MagicISO	f	89	89	none	/Post-SP2 Updates	windowsserver2003.windowsxp-kb946026-x64-jpn_c7ea882087bd085e417992f8ae464912614e4636.exe
jp_windows_xp_professional_x64__WINXP_X64_UPDJP.iso	MagicISO	f	89	89	none	/Post-SP2 Updates	windowsserver2003.windowsxp-kb946648-x64-jpn_6569f8dc67772883621eac17e8b7f9e7f07465e6.exe
jp_windows_xp_professional_x64__WINXP_X64_UPDJP.iso	MagicISO	f	89	89	none	/Post-SP2 Updates	windowsserver2003.windowsxp-kb950762-x64-jpn_a7eba8b3dc26e8f567417b9a8d59e378fa127732.exe
jp_windows_xp_professional_x64__WINXP_X64_UPDJP.iso	MagicISO	f	89	89	none	/Post-SP2 Updates	windowsserver2003.windowsxp-kb950974-x64-jpn_6bff2393c5f413313524008355a758a0ca6b4510.exe
jp_windows_xp_professional_x64__WINXP_X64_UPDJP.iso	MagicISO	f	89	89	none	/Post-SP2 Updates	windowsserver2003.windowsxp-kb951376-x64-jpn_6f01cb95d2457a173573da99c6d9ea333fb0e528.exe
jp_windows_xp_professional_x64__WINXP_X64_UPDJP.iso	MagicISO	f	89	89	none	/Post-SP2 Updates	windowsserver2003.windowsxp-kb952004-x64-jpn_5196b0b09db00a3b833dfc4d5c5effa8878816d2.exe
jp_windows_xp_professional_x64__WINXP_X64_UPDJP.iso	MagicISO	f	89	89	none	/Post-SP2 Updates	windowsserver2003.windowsxp-kb952069-x64-jpn_2418a05504de0cddaec2d7ff59b07d18ae30496a.exe
jp_windows_xp_professional_x64__WINXP_X64_UPDJP.iso	MagicISO	f	89	89	none	/Post-SP2 Updates	windowsserver2003.windowsxp-kb952954-x64-jpn_a07fd4128a64a083a0debbfafcfd04fc1ce4e7fc.exe
jp_windows_xp_professional_x64__WINXP_X64_UPDJP.iso	MagicISO	f	89	89	none	/Post-SP2 Updates	windowsserver2003.windowsxp-kb954155-x64-jpn_d6c78fa045b76e464225f2a1717157dfcaf16cef.exe
jp_windows_xp_professional_x64__WINXP_X64_UPDJP.iso	MagicISO	f	89	89	none	/Post-SP2 Updates	windowsserver2003.windowsxp-kb956572-x64-jpn_a0ddcf0eaf6e2e34d1fcb4f16e27861a94c92105.exe
jp_windows_xp_professional_x64__WINXP_X64_UPDJP.iso	MagicISO	f	89	89	none	/Post-SP2 Updates	windowsserver2003.windowsxp-kb956744-x64-jpn_5ebc043ce3a59a9bf85fef625e4c1c2bdfffb4e9.exe
jp_windows_xp_professional_x64__WINXP_X64_UPDJP.iso	MagicISO	f	89	89	none	/Post-SP2 Updates	windowsserver2003.windowsxp-kb956844-x64-jpn_f66fe25d5e3bfe4b6d646c31072d15779546a1a4.exe
jp_windows_xp_professional_x64__WINXP_X64_UPDJP.iso	MagicISO	f	89	89	none	/Post-SP2 Updates	windowsserver2003.windowsxp-kb958469-x64-jpn_95261adac215f3ea775aaedfde91b8af345d8de0.exe
jp_windows_xp_professional_x64__WINXP_X64_UPDJP.iso	MagicISO	f	89	89	none	/Post-SP2 Updates	windowsserver2003.windowsxp-kb959426-x64-jpn_13d33386dfae6eb3ef4be264684cc6ee875033f1.exe
jp_windows_xp_professional_x64__WINXP_X64_UPDJP.iso	MagicISO	f	89	89	none	/Post-SP2 Updates	windowsserver2003.windowsxp-kb960803-x64-jpn_4334d163b1c55e1cf2ec92750722f0346b1205db.exe
jp_windows_xp_professional_x64__WINXP_X64_UPDJP.iso	MagicISO	f	89	89	none	/Post-SP2 Updates	windowsserver2003.windowsxp-kb960859-x64-jpn_c784dc455c4459147963b3e406a132e0ff3e9e3c.exe
jp_windows_xp_professional_x64__WINXP_X64_UPDJP.iso	MagicISO	f	89	89	none	/Post-SP2 Updates	windowsserver2003.windowsxp-kb961118-x64-jpn_58deddac96feebecf45dfb09624b03d62ffd14f4.exe
jp_windows_xp_professional_x64__WINXP_X64_UPDJP.iso	MagicISO	f	89	89	none	/Post-SP2 Updates	windowsserver2003.windowsxp-kb968389-x64-jpn_4bb9a0ff18a81192b3b35b9fa37486a2fe9790a3.exe
jp_windows_xp_professional_x64__WINXP_X64_UPDJP.iso	MagicISO	f	89	89	none	/Post-SP2 Updates	windowsserver2003.windowsxp-kb969059-x64-jpn_f78579bcf6a7f645ab81f77a72d21bdd3ff1fa65.exe
jp_windows_xp_professional_x64__WINXP_X64_UPDJP.iso	MagicISO	f	89	89	none	/Post-SP2 Updates	windowsserver2003.windowsxp-kb970430-x64-jpn_b98cdab9db3ba627bf1959e797a4cc232d99e167.exe
jp_windows_xp_professional_x64__WINXP_X64_UPDJP.iso	MagicISO	f	89	89	none	/Post-SP2 Updates	windowsserver2003.windowsxp-kb971029-x64-jpn_b5bda2897e01cc9bebe93ac080474d8ecc4a047f.exe
jp_windows_xp_professional_x64__WINXP_X64_UPDJP.iso	MagicISO	f	89	89	none	/Post-SP2 Updates	windowsserver2003.windowsxp-kb971032-x64-jpn_aa2eac805c124065d696b5e3edcf9c4b1d07ff5a.exe
jp_windows_xp_professional_x64__WINXP_X64_UPDJP.iso	MagicISO	f	89	89	none	/Post-SP2 Updates	windowsserver2003.windowsxp-kb971657-x64-jpn_5bd770e0b302e37e3dfbf58dbf4f2d92a1dca021.exe
jp_windows_xp_professional_x64__WINXP_X64_UPDJP.iso	MagicISO	f	89	89	none	/Post-SP2 Updates	windowsserver2003.windowsxp-kb972270-x64-jpn_d0e19b8b23cdd2b393c9bd3f3a65436f86164ab1.exe
jp_windows_xp_professional_x64__WINXP_X64_UPDJP.iso	MagicISO	f	89	89	none	/Post-SP2 Updates	windowsserver2003.windowsxp-kb973507-x64-jpn_27eb38956da3c5a421c6303f6dcca5695cd85321.exe
jp_windows_xp_professional_x64__WINXP_X64_UPDJP.iso	MagicISO	f	89	89	none	/Post-SP2 Updates	windowsserver2003.windowsxp-kb973540-x64-jpn_312a75597f19c4ad148decfa59d37cc8d36a60a9.exe
jp_windows_xp_professional_x64__WINXP_X64_UPDJP.iso	MagicISO	f	89	89	none	/Post-SP2 Updates	windowsserver2003.windowsxp-kb973815-x64-jpn_b36721b595b4b3edea1d57b7d2e69e6d410d4c12.exe
jp_windows_xp_professional_x64__WINXP_X64_UPDJP.iso	MagicISO	f	89	89	none	/Post-SP2 Updates	windowsserver2003.windowsxp-kb973869-x64-jpn_033e51d7184a12ee7497c373cd917bda69c9aba4.exe
jp_windows_xp_professional_x64__WINXP_X64_UPDJP.iso	MagicISO	f	89	89	none	/Post-SP2 Updates	windowsserver2003.windowsxp-kb973904-x64-jpn_0f6d13322168801a6b6aff7d1eaf1a4822c09d47.exe
jp_windows_xp_professional_x64__WINXP_X64_UPDJP.iso	MagicISO	f	89	89	none	/Post-SP2 Updates	windowsserver2003.windowsxp-kb974112-x64-jpn_dfde8eb2493643dfa7a388abe138046ce5cbca7f.exe
jp_windows_xp_professional_x64__WINXP_X64_UPDJP.iso	MagicISO	f	89	89	none	/Post-SP2 Updates	windowsserver2003.windowsxp-kb974318-x64-jpn_0422cee923f4cb2c470daab7ef39940a8026d4da.exe
jp_windows_xp_professional_x64__WINXP_X64_UPDJP.iso	MagicISO	f	89	89	none	/Post-SP2 Updates	windowsserver2003.windowsxp-kb974392-x64-jpn_52e48b525dd56b7d20fcea83f5b560a66e2674c7.exe
jp_windows_xp_professional_x64__WINXP_X64_UPDJP.iso	MagicISO	f	89	89	none	/Post-SP2 Updates	windowsserver2003.windowsxp-kb974571-x64-jpn_9a8fdc2018c21aef147a3d9b3da3286c2a4be86d.exe
jp_windows_xp_professional_x64__WINXP_X64_UPDJP.iso	MagicISO	f	89	89	none	/Post-SP2 Updates	windowsserver2003.windowsxp-kb975025-x64-jpn_1d6dd551324e48a89385be44d90f284c9c332748.exe
jp_windows_xp_professional_x64__WINXP_X64_UPDJP.iso	MagicISO	f	89	89	none	/Post-SP2 Updates	windowsserver2003.windowsxp-kb975467-x64-jpn_c7e1039a3c5e52d07acfac61df178a90c6e94c3f.exe
jp_windows_xp_professional_x64__WINXP_X64_UPDJP.iso	MagicISO	f	89	89	none	/Post-SP2 Updates	windowsserver2003.windowsxp-kb975560-x64-jpn_f217265ac97e8e914ee9f3b27929c2bb0affd3f2.exe
jp_windows_xp_professional_x64__WINXP_X64_UPDJP.iso	MagicISO	f	89	89	none	/Post-SP2 Updates	windowsserver2003.windowsxp-kb975713-x64-jpn_c7dba2dd7d2dddf9ae3a35d4e1d608e97698cc7a.exe
jp_windows_xp_professional_x64__WINXP_X64_UPDJP.iso	MagicISO	f	89	89	none	/Post-SP2 Updates	windowsserver2003.windowsxp-kb977816-x64-jpn_0495c9535f9176cfddf5f9be2a49cc9fbabccbe6.exe
jp_windows_xp_professional_x64__WINXP_X64_UPDJP.iso	MagicISO	f	89	89	none	/Post-SP2 Updates	windowsserver2003.windowsxp-kb977914-x64-jpn_c7ccf2ee569b2ce52efc97bbd4b777101f65ea34.exe
jp_windows_xp_professional_x64__WINXP_X64_UPDJP.iso	MagicISO	f	89	89	none	/Post-SP2 Updates	windowsserver2003.windowsxp-kb978338-x64-jpn_b51f18b4701f2a735b8f5d0a0f0c7844eb7a1b83.exe
jp_windows_xp_professional_x64__WINXP_X64_UPDJP.iso	MagicISO	f	89	89	none	/Post-SP2 Updates	windowsserver2003.windowsxp-kb978542-x64-jpn_39d0a922872bab19d207f8b910212b4db1456738.exe
jp_windows_xp_professional_x64__WINXP_X64_UPDJP.iso	MagicISO	f	89	89	none	/Post-SP2 Updates	windowsserver2003.windowsxp-kb978695-x64-jpn_7f3654534bafb9fce5b5c0b6f9dd4ff56dbab883.exe
jp_windows_xp_professional_x64__WINXP_X64_UPDJP.iso	MagicISO	f	89	89	none	/Post-SP2 Updates	windowsserver2003.windowsxp-kb978706-x64-jpn_237da947a9583824f1a05f2b5b6ac4079ca0dae6.exe
jp_windows_xp_professional_x64__WINXP_X64_UPDJP.iso	MagicISO	f	89	89	none	/Post-SP2 Updates	windowsserver2003.windowsxp-kb979309-x64-jpn_3849aef6409b0f6ff09dd3041168125b0ca7c433.exe
jp_windows_xp_professional_x64__WINXP_X64_UPDJP.iso	MagicISO	f	89	89	none	/Post-SP2 Updates	windowsserver2003.windowsxp-kb979482-x64-jpn_3e527f09a565495788a48ad92d6f4a33901e60a3.exe
jp_windows_xp_professional_x64__WINXP_X64_UPDJP.iso	MagicISO	f	89	89	none	/Post-SP2 Updates	windowsserver2003.windowsxp-kb979687-x64-jpn_98adabb67fb83a90ac5d47804789265623df765b.exe
jp_windows_xp_professional_x64__WINXP_X64_UPDJP.iso	MagicISO	f	89	89	none	/Post-SP2 Updates	windowsserver2003.windowsxp-kb981997-x64-jpn_ff6600447756b9fb2cae7a09d459eed516315e3c.exe
jp_windows_xp_professional_x64__WINXP_X64_UPDJP.iso	MagicISO	f	89	89	none	/Post-SP2 Updates	windowsserver2003.windowsxp-kb982132-x64-jpn_13bcd9edb77ddbbbeaf47368efaa8f57dc396b11.exe
jp_windows_xp_professional_x64__WINXP_X64_UPDJP.iso	MagicISO	f	90	90	none	/Post-SP2 Updates	windowsserver2003.windowsxp-kb2115168-x64-jpn_4e08847bb00cf88e35d017e04abd27ae83edfafc.exe
jp_windows_xp_professional_x64__WINXP_X64_UPDJP.iso	MagicISO	f	89	89	none	/Post-SP2 Updates	windowsserver2003.windowsxp-kb982665-x64-jpn_757f255221daf982ab67fc0b02bb7f32ad79f65d.exe
jp_windows_xp_professional_x64__WINXP_X64_UPDJP.iso	MagicISO	f	90	90	none	/Post-SP2 Updates	windowsserver2003.windowsxp-kb2229593-x64-jpn_a6b1c57473af7fab7c83efd335bc4cec80f91bfe.exe
jp_windows_xp_professional_x64__WINXP_X64_UPDJP.iso	MagicISO	f	90	90	none	/Post-SP2 Updates	windowsserver2003.windowsxp-kb2345886-x64-jpn_c6ceeeefe5c0030b6b91be7c54eb283c172c4e40.exe
jp_windows_xp_professional_x64__WINXP_X64_UPDJP.iso	MagicISO	f	90	90	none	/Post-SP2 Updates	windowsserver2003.windowsxp-kb2347290-x64-jpn_ec78425954f75263ee3ebf13c9ac1946d17a8e26.exe
jp_windows_xp_professional_x64__WINXP_X64_UPDJP.iso	MagicISO	f	90	90	none	/Post-SP2 Updates	windowsserver2003.windowsxp-kb2378111-x64-jpn_bc7327e2764600b2823e3ed1d2ebe1ac8323e555.exe
jp_windows_xp_professional_x64__WINXP_X64_UPDJP.iso	MagicISO	f	90	90	none	/Post-SP2 Updates	windowsserver2003.windowsxp-kb2387149-x64-jpn_19b322b2e243ed731e759183c1f4fcd256064897.exe
jp_windows_xp_professional_x64__WINXP_X64_UPDJP.iso	MagicISO	f	90	90	none	/Post-SP2 Updates	windowsserver2003.windowsxp-kb2393802-x64-jpn_efe1dbf4ac805304f38108ab8e9bc7c5049f8c1e.exe
jp_windows_xp_professional_x64__WINXP_X64_UPDJP.iso	MagicISO	f	90	90	none	/Post-SP2 Updates	windowsserver2003.windowsxp-kb2419635-x64-jpn_cc4cf9de9c295825c338360f394b2ae2f235fc53.exe
jp_windows_xp_professional_x64__WINXP_X64_UPDJP.iso	MagicISO	f	90	90	none	/Post-SP2 Updates	windowsserver2003.windowsxp-kb2423089-x64-jpn_92587d671b3210651b72f82086a89a15211a383f.exe
jp_windows_xp_professional_x64__WINXP_X64_UPDJP.iso	MagicISO	f	90	90	none	/Post-SP2 Updates	windowsserver2003.windowsxp-kb2443105-x64-jpn_ab5a4e80f1f73d0ce6d00bf41b75ea05253ad953.exe
jp_windows_xp_professional_x64__WINXP_X64_UPDJP.iso	MagicISO	f	90	90	none	/Post-SP2 Updates	windowsserver2003.windowsxp-kb2476490-x64-jpn_fb598373d21962d2a2bc8fd012e21b71030200d0.exe
jp_windows_xp_professional_x64__WINXP_X64_UPDJP.iso	MagicISO	f	90	90	none	/Post-SP2 Updates	windowsserver2003.windowsxp-kb2478960-x64-jpn_c752df4f2845ffec2585cdb796049938da5d65be.exe
jp_windows_xp_professional_x64__WINXP_X64_UPDJP.iso	MagicISO	f	90	90	none	/Post-SP2 Updates	windowsserver2003.windowsxp-kb2478971-x64-jpn_7f2bb3c22e41864e35a23d5d4167919ba8f8b0b0.exe
jp_windows_xp_professional_x64__WINXP_X64_UPDJP.iso	MagicISO	f	90	90	none	/Post-SP2 Updates	windowsserver2003.windowsxp-kb2479943-x64-jpn_f9ad7210b1911129c3a7b190cae5b1af59d1efd5.exe
jp_windows_xp_professional_x64__WINXP_X64_UPDJP.iso	MagicISO	f	90	90	none	/Post-SP2 Updates	windowsserver2003.windowsxp-kb2481109-x64-jpn_0a5675a9d8eaeb37711772faa8a76484242d5606.exe
jp_windows_xp_professional_x64__WINXP_X64_UPDJP.iso	MagicISO	f	90	90	none	/Post-SP2 Updates	windowsserver2003.windowsxp-kb2483185-x64-jpn_dc332ce160e8904269454c148e2e294254fe5e4f.exe
jp_windows_xp_professional_x64__WINXP_X64_UPDJP.iso	MagicISO	f	90	90	none	/Post-SP2 Updates	windowsserver2003.windowsxp-kb2485663-x64-jpn_d072a77da6d58ec19e80289d23b27fc78b6b278a.exe
jp_windows_xp_professional_x64__WINXP_X64_UPDJP.iso	MagicISO	f	90	90	none	/Post-SP2 Updates	windowsserver2003.windowsxp-kb2492386-x64-jpn_c390bb940c2dc953c167841ad462d09464b83f42.exe
jp_windows_xp_professional_x64__WINXP_X64_UPDJP.iso	MagicISO	f	90	90	none	/Post-SP2 Updates	windowsserver2003.windowsxp-kb2506212-x64-jpn_17f66357be208f06b7fc786f7cc149ae0b92dc1e.exe
jp_windows_xp_professional_x64__WINXP_X64_UPDJP.iso	MagicISO	f	90	90	none	/Post-SP2 Updates	windowsserver2003.windowsxp-kb2507938-x64-jpn_9983331d05dedc89d668e9f8d016845973c2e646.exe
jp_windows_xp_professional_x64__WINXP_X64_UPDJP.iso	MagicISO	f	90	90	none	/Post-SP2 Updates	windowsserver2003.windowsxp-kb2509553-x64-jpn_ef08fa9448e191ba5c48684e348ebbe8695abd61.exe
jp_windows_xp_professional_x64__WINXP_X64_UPDJP.iso	MagicISO	f	90	90	none	/Post-SP2 Updates	windowsserver2003.windowsxp-kb2510587-x64-jpn_1adbd741df039c0e86c9f6e9a6c117e63883bba1.exe
jp_windows_xp_professional_x64__WINXP_X64_UPDJP.iso	MagicISO	f	90	90	none	/Post-SP2 Updates	windowsserver2003.windowsxp-kb2535512-x64-jpn_ea44d337a068b504789d167a5f1758dde24ec8c3.exe
jp_windows_xp_professional_x64__WINXP_X64_UPDJP.iso	MagicISO	f	93	93	none	/Post-SP2 Updates	windowsserver2003.windowsxp-kb2536276-v2-x64-jpn_cdb8c9c402e6b148f8979a6bbcd58b5a1de2dc00.exe
jp_windows_xp_professional_x64__WINXP_X64_UPDJP.iso	MagicISO	f	93	93	none	/Post-SP2 Updates	windowsserver2003.windowsxp-kb2544893-v2-x64-jpn_040d9c013e4c03120db0818f10a2f1ede0123478.exe
jp_windows_xp_professional_x64__WINXP_X64_UPDJP.iso	MagicISO	f	90	90	none	/Post-SP2 Updates	windowsserver2003.windowsxp-kb2566454-x64-jpn_23cc558e9e84ab779f29bc04f0df7092321a63c6.exe
jp_windows_xp_professional_x64__WINXP_X64_UPDJP.iso	MagicISO	f	90	90	none	/Post-SP2 Updates	windowsserver2003.windowsxp-kb2570947-x64-jpn_6af7643dc1d5db5585435f9aabb3b36797d2b215.exe
jp_windows_xp_professional_x64__WINXP_X64_UPDJP.iso	MagicISO	f	90	90	none	/Post-SP2 Updates	windowsserver2003.windowsxp-kb2584146-x64-jpn_c1ca857fa5ec012da611531f2e4fa0a370c1eb0a.exe
jp_windows_xp_professional_x64__WINXP_X64_UPDJP.iso	MagicISO	f	90	90	none	/Post-SP2 Updates	windowsserver2003.windowsxp-kb2598479-x64-jpn_fe7e2e08a960433aebc30e805fd97681af97aa67.exe
jp_windows_xp_professional_x64__WINXP_X64_UPDJP.iso	MagicISO	f	90	90	none	/Post-SP2 Updates	windowsserver2003.windowsxp-kb2603381-x64-jpn_e824366ff581b57871ce05220a07b108423825a5.exe
jp_windows_xp_professional_x64__WINXP_X64_UPDJP.iso	MagicISO	f	90	90	none	/Post-SP2 Updates	windowsserver2003.windowsxp-kb2619339-x64-jpn_9471e7b5ba3cdacf78d6bce91527ee31b4f02f11.exe
jp_windows_xp_professional_x64__WINXP_X64_UPDJP.iso	MagicISO	f	90	90	none	/Post-SP2 Updates	windowsserver2003.windowsxp-kb2620712-x64-jpn_e6bda1a1b3481d86b49474caf010d1919ab438a6.exe
jp_windows_xp_professional_x64__WINXP_X64_UPDJP.iso	MagicISO	f	90	90	none	/Post-SP2 Updates	windowsserver2003.windowsxp-kb2631813-x64-jpn_1c2ff5f092fdc5204b312521d418b5c3fe8160f3.exe
jp_windows_xp_professional_x64__WINXP_X64_UPDJP.iso	MagicISO	f	90	90	none	/Post-SP2 Updates	windowsserver2003.windowsxp-kb2638806-x64-jpn_b9ff3c9f5f5b66f5ca2bd066d8f43cab2c53206c.exe
jp_windows_xp_professional_x64__WINXP_X64_UPDJP.iso	MagicISO	f	90	90	none	/Post-SP2 Updates	windowsserver2003.windowsxp-kb2644615-x64-jpn_a1e425bd6180911265537915cf1a51c7b67aff70.exe
jp_windows_xp_professional_x64__WINXP_X64_UPDJP.iso	MagicISO	f	90	90	none	/Post-SP2 Updates	windowsserver2003.windowsxp-kb2653956-x64-jpn_5cdac048a60bcf95df28a45677f2dc239d15b4d2.exe
jp_windows_xp_professional_x64__WINXP_X64_UPDJP.iso	MagicISO	f	90	90	none	/Post-SP2 Updates	windowsserver2003.windowsxp-kb2655992-x64-jpn_c2c1325e4c5e7b02947c4593a34130baa0a6e19b.exe
jp_windows_xp_professional_x64__WINXP_X64_UPDJP.iso	MagicISO	f	90	90	none	/Post-SP2 Updates	windowsserver2003.windowsxp-kb2659262-x64-jpn_5789ccd066ff24070956ba3d653d805472ba6f96.exe
jp_windows_xp_professional_x64__WINXP_X64_UPDJP.iso	MagicISO	f	90	90	none	/Post-SP2 Updates	windowsserver2003.windowsxp-kb2676562-x64-jpn_138ca65f95d58a93968bc24c5ac8a09f16b696e4.exe
jp_windows_xp_professional_x64__WINXP_X64_UPDJP.iso	MagicISO	f	90	90	none	/Post-SP2 Updates	windowsserver2003.windowsxp-kb2685939-x64-jpn_10a29443bcc93ab46d57b266149c56642b5fa71c.exe
jp_windows_xp_professional_x64__WINXP_X64_UPDJP.iso	MagicISO	f	90	90	none	/Post-SP2 Updates	windowsserver2003.windowsxp-kb2686509-x64-jpn_11467c1c6b3cda702dc341b72561ed79af97cde5.exe
jp_windows_xp_professional_x64__WINXP_X64_UPDJP.iso	MagicISO	f	90	90	none	/Post-SP2 Updates	windowsserver2003.windowsxp-kb2691442-x64-jpn_a3ab124c167804ef2979bc30dc417fc017a2ca78.exe
jp_windows_xp_professional_x64__WINXP_X64_UPDJP.iso	MagicISO	f	90	90	none	/Post-SP2 Updates	windowsserver2003.windowsxp-kb2698365-x64-jpn_5d46cf26931863d9fb933fcc0d11a974b1c919a5.exe
jp_windows_xp_professional_x64__WINXP_X64_UPDJP.iso	MagicISO	f	93	93	none	/Post-SP2 Updates	windowsserver2003.windowsxp-kb2705219-v2-x64-jpn_01568303a256462310b3ae3d0db13db7a1417b95.exe
jp_windows_xp_professional_x64__WINXP_X64_UPDJP.iso	MagicISO	f	90	90	none	/Post-SP2 Updates	windowsserver2003.windowsxp-kb2712808-x64-jpn_e75940d043682ac1135ed04eb28ef5165af813e4.exe
jp_windows_xp_professional_x64__WINXP_X64_UPDJP.iso	MagicISO	f	90	90	none	/Post-SP2 Updates	windowsserver2003.windowsxp-kb2727528-x64-jpn_3e0cafbbdacd95e904a3400a58a7bac553822663.exe
jp_windows_xp_professional_x64__WINXP_X64_UPDJP.iso	MagicISO	f	90	90	none	/Post-SP2 Updates	windowsserver2003.windowsxp-kb2748349-x64-jpn_dce5fb7630acf3c71f36f58563d07558095dcd95.exe
jp_windows_xp_professional_x64__WINXP_X64_UPDJP.iso	MagicISO	f	90	90	none	/Post-SP2 Updates	windowsserver2003.windowsxp-kb2749655-x64-jpn_d0e12ba110196b28b5d825349904267de8493388.exe
jp_windows_xp_professional_x64__WINXP_X64_UPDJP.iso	MagicISO	f	90	90	none	/Post-SP2 Updates	windowsserver2003.windowsxp-kb2770660-x64-jpn_8528aee02b9cda89675a17cf8cc1c78b440bccc8.exe
jp_windows_xp_professional_x64__WINXP_X64_UPDJP.iso	MagicISO	f	90	90	none	/Post-SP2 Updates	windowsserver2003.windowsxp-kb2780091-x64-jpn_390713c76c6469a066aa72ecc107803ef4dbb532.exe
jp_windows_xp_professional_x64__WINXP_X64_UPDJP.iso	MagicISO	f	90	90	none	/Post-SP2 Updates	windowsserver2003.windowsxp-kb2807986-x64-jpn_f4bde6e8892ed2029cca6ef252d478c473074898.exe
jp_windows_xp_professional_x64__WINXP_X64_UPDJP.iso	MagicISO	f	90	90	none	/Post-SP2 Updates	windowsserver2003.windowsxp-kb2808679-x64-jpn_8c59e1cd861cf0c23319cfcf24591d022e8ee26a.exe
jp_windows_xp_professional_x64__WINXP_X64_UPDJP.iso	MagicISO	f	90	90	none	/Post-SP2 Updates	windowsserver2003.windowsxp-kb2813170-x64-jpn_e2c28b9a9ea5a1980871c2138bdc02b31247bb33.exe
jp_windows_xp_professional_x64__WINXP_X64_UPDJP.iso	MagicISO	f	90	90	none	/Post-SP2 Updates	windowsserver2003.windowsxp-kb2813345-x64-jpn_5bdb3f853a70a437735fc1acfac47b1442cd2627.exe
jp_windows_xp_professional_x64__WINXP_X64_UPDJP.iso	MagicISO	f	90	90	none	/Post-SP2 Updates	windowsserver2003.windowsxp-kb2820917-x64-jpn_8d1dff29bdc9f3fc2a20fa02ffed56597ba35364.exe
jp_windows_xp_professional_x64__WINXP_X64_UPDJP.iso	MagicISO	f	90	90	none	/Post-SP2 Updates	windowsserver2003.windowsxp-kb2834886-x64-jpn_e27b283699b60f4a729bc0c19c4530753459b76a.exe
jp_windows_xp_professional_x64__WINXP_X64_UPDJP.iso	MagicISO	f	90	90	none	/Post-SP2 Updates	windowsserver2003.windowsxp-kb2847311-x64-jpn_e7850685bad0d77a21af4ed3eed21ff10827f12a.exe
jp_windows_xp_professional_x64__WINXP_X64_UPDJP.iso	MagicISO	f	90	90	none	/Post-SP2 Updates	windowsserver2003.windowsxp-kb2850869-x64-jpn_232e298a42784733ac60c230f492e1ef37a1c88f.exe
jp_windows_xp_professional_x64__WINXP_X64_UPDJP.iso	MagicISO	f	90	90	none	/Post-SP2 Updates	windowsserver2003.windowsxp-kb2862152-x64-jpn_f3cd39130480f41ab23b09848a4a75be1598b9f2.exe
jp_windows_xp_professional_x64__WINXP_X64_UPDJP.iso	MagicISO	f	90	90	none	/Post-SP2 Updates	windowsserver2003.windowsxp-kb2862330-x64-jpn_e4ab66d3b9bfb515608e9e63310417b061a94877.exe
jp_windows_xp_professional_x64__WINXP_X64_UPDJP.iso	MagicISO	f	90	90	none	/Post-SP2 Updates	windowsserver2003.windowsxp-kb2862335-x64-jpn_b59883a99843ea2d0ff8e082d9d4488c1e593288.exe
jp_windows_xp_professional_x64__WINXP_X64_UPDJP.iso	MagicISO	f	90	90	none	/Post-SP2 Updates	windowsserver2003.windowsxp-kb2864058-x64-jpn_2c5a13fc18d5d0d7acfbb8d1d38346627db3c085.exe
jp_windows_xp_professional_x64__WINXP_X64_UPDJP.iso	MagicISO	f	90	90	none	/Post-SP2 Updates	windowsserver2003.windowsxp-kb2864063-x64-jpn_5f4d21a71061a412983ee8c64dc13c9ce1f3caee.exe
jp_windows_xp_professional_x64__WINXP_X64_UPDJP.iso	MagicISO	f	90	90	none	/Post-SP2 Updates	windowsserver2003.windowsxp-kb2868626-x64-jpn_1a66314fe9c3edc5a23085a1f0db450ca06a19c8.exe
jp_windows_xp_professional_x64__WINXP_X64_UPDJP.iso	MagicISO	f	90	90	none	/Post-SP2 Updates	windowsserver2003.windowsxp-kb2876217-x64-jpn_88270f52ae3d8120253b7f5976c032d12869b05d.exe
jp_windows_xp_professional_x64__WINXP_X64_UPDJP.iso	MagicISO	f	90	90	none	/Post-SP2 Updates	windowsserver2003.windowsxp-kb2876331-x64-jpn_4ce85917251413b96c3afaf401e7b57004a7981a.exe
jp_windows_xp_professional_x64__WINXP_X64_UPDJP.iso	MagicISO	f	90	90	none	/Post-SP2 Updates	windowsserver2003.windowsxp-kb2879017-x64-jpn_5f325136f0fcf65f6ef3cd50baf32502a0890068.exe
jp_windows_xp_professional_x64__WINXP_X64_UPDJP.iso	MagicISO	f	90	90	none	/Post-SP2 Updates	windowsserver2003.windowsxp-kb2892076-x64-jpn_39f307a71f5716ead7cb2be106544d6e327f587a.exe
jp_windows_xp_professional_x64__WINXP_X64_UPDJP.iso	MagicISO	f	90	90	none	/Post-SP2 Updates	windowsserver2003.windowsxp-kb2893294-x64-jpn_160433b165e2f4f412ca92b1dd0ac2c12ec7151d.exe
jp_windows_xp_professional_x64__WINXP_X64_UPDJP.iso	MagicISO	f	90	90	none	/Post-SP2 Updates	windowsserver2003.windowsxp-kb2898715-x64-jpn_077f54ad94ab8e947674e085b6f5555e76be8e57.exe
jp_windows_xp_professional_x64__WINXP_X64_UPDJP.iso	MagicISO	f	90	90	none	/Post-SP2 Updates	windowsserver2003.windowsxp-kb2900986-x64-jpn_4fc4cc0b4a5c72f1f9d1410a8a0138d1ef23f255.exe
jp_windows_xp_professional_x64__WINXP_X64_UPDJP.iso	MagicISO	f	90	90	none	/Post-SP2 Updates	windowsserver2003.windowsxp-kb2904266-x64-jpn_6e0c60bf54f1003d527d5ec4b3aa6e26d2fff4d6.exe
jp_windows_xp_professional_x64__WINXP_X64_UPDJP.iso	MagicISO	f	90	90	none	/Post-SP2 Updates	windowsserver2003.windowsxp-kb2909213-x64-jpn_246b37fe9d1fdc8b7766957a804c0dd0538b15c8.exe
jp_windows_xp_professional_x64__WINXP_X64_UPDJP.iso	MagicISO	f	90	90	none	/Post-SP2 Updates	windowsserver2003.windowsxp-kb2914368-x64-jpn_21a47ed2b227c56c170b4f26ff639d2eb307d2e5.exe
jp_windows_xp_professional_x64__WINXP_X64_UPDJP.iso	MagicISO	f	90	90	none	/Post-SP2 Updates	windowsserver2003.windowsxp-kb2916036-x64-jpn_b62d76a8ee05f64c0dd0a61c2cb351782986719b.exe
jp_windows_xp_professional_x64__WINXP_X64_UPDJP.iso	MagicISO	f	90	90	none	/Post-SP2 Updates	windowsserver2003.windowsxp-kb2922229-x64-jpn_d6e6da30e0675ae60d87ce25ab3ff1522fad3d44.exe
jp_windows_xp_professional_x64__WINXP_X64_UPDJP.iso	MagicISO	f	90	90	none	/Post-SP2 Updates	windowsserver2003.windowsxp-kb2929961-x64-jpn_237d38bb4fdf4958b09fa6a49ffbd94e90e61cb1.exe
jp_windows_xp_professional_x64__WINXP_X64_UPDJP.iso	MagicISO	f	90	90	none	/Post-SP2 Updates	windowsserver2003.windowsxp-kb2930275-x64-jpn_34eaf2180c3f5b5fdfd014a9f86177cfec69e667.exe
jp_windows_xp_professional_x64__WINXP_X64_UPDJP.iso	MagicISO	f	89	89	none	/Post-SP2 Updates	windowsserver2003.windowsxp-kb923561-x64-jpn_5789bf847d13888270449f06b8b7efac3035c947.exe
jp_windows_xp_professional_x64__WINXP_X64_UPDJP.iso	MagicISO	f	92	92	none	/Post-SP2 Updates	windowsserver2003.windowsxp-kb924667-v2-x64-jpn_158764d8c477e5965129f78549319495e89f5ae2.exe
jp_windows_xp_professional_x64__WINXP_X64_UPDJP.iso	MagicISO	f	92	92	none	/Post-SP2 Updates	windowsserver2003.windowsxp-kb925876-v2-x64-jpn_80024110b66fd11984da95731c2baf1ef65243ae.exe
jp_windows_xp_professional_x64__WINXP_X64_UPDJP.iso	MagicISO	f	89	89	none	/Post-SP2 Updates	windowsserver2003.windowsxp-kb925902-x64-jpn_10e64a08ce1ef24871676d4eabd6b43fc67c549b.exe
jp_windows_xp_professional_x64__WINXP_X64_UPDJP.iso	MagicISO	f	89	89	none	/Post-SP2 Updates	windowsserver2003.windowsxp-kb929123-x64-jpn_17edd4669e1ce1ec2d67188c913fede8fefc941c.exe
jp_windows_xp_professional_x64__WINXP_X64_UPDJP.iso	MagicISO	f	89	89	none	/Post-SP2 Updates	windowsserver2003.windowsxp-kb931261-x64-jpn_17dcf5bda118b9f344c04379164c222757a41910.exe
jp_windows_xp_professional_x64__WINXP_X64_UPDJP.iso	MagicISO	f	89	89	none	/Post-SP2 Updates	windowsserver2003.windowsxp-kb932168-x64-jpn_8802c009f95e25239f887498c590b0997f486a66.exe
mahesh-naresh-albums__Mahesh-Naresh_Albums.iso	PowerISO	f	101	101	none	/Mojilo Naresh Kanodiya 2 (2015)	Choodi-Sadak-Vache-Chhapri-(From-&quot_Haloo-Aapnaa-Malak-Maa&quot_)-Maniraj-Barot,Sadhana-Sargam.mp3
mahesh-naresh-albums__Mahesh-Naresh_Albums.iso	PowerISO	f	109	109	none	/Mojilo Naresh Kanodiya 2 (2015)	Maan-Mor-Bani-Thangaat-1-(From-&quot_Sharad-Poonam-Nee-Raat&quot_)-Karashan-Sagathia,Kavita-Krishnamurthy.mp3
mahesh-naresh-albums__Mahesh-Naresh_Albums.iso	PowerISO	f	99	99	none	/Mojilo Naresh Kanodiya 2 (2015)	Nadiye-Nhava-Gaitee-(From-&quot_Mahendee-Leelee-Ne-Rang-Raato&quot_)-Vatsala-Patil,Arvind-Barot.mp3
mahesh-naresh-albums__Mahesh-Naresh_Albums.iso	PowerISO	f	103	103	none	/Mojilo Naresh Kanodiya 1 (2015)	Latko-Evo-Re-Chatko-Evo-(From-&quot_Mahendee-Leelee-Ne-Rang-Raato&quot_)-Vatsala-Patil,Arvind-Barot.mp3
mahesh-naresh-albums__Mahesh-Naresh_Albums.iso	PowerISO	f	95	95	none	/Mojilo Naresh Kanodiya 1 (2015)	Limbudana-Lila-Pila-Paan-(From-&quot_Narmadaa-Ne-Kaanthe&quot_)-Vatsala-Patil,Kirit-Kanodia.mp3
mahesh-naresh-albums__Mahesh-Naresh_Albums.iso	PowerISO	f	101	101	none	/Mojilo Naresh Kanodiya 1 (2015)	Maa-Khodal-Na-Mandire-(From-&quot_Mahendee-Leelee-Ne-Rang-Raato&quot_)-Vatsala-Patil,Arvind-Barot.mp3
mahesh-naresh-albums__Mahesh-Naresh_Albums.iso	PowerISO	f	100	100	none	/Mojilo Naresh Kanodiya 1 (2015)	Maare-Todale-Betho-Mor-(From-&quot_Maare-Todale-Betho-Mor&quot_)-Raghuvir-Kunchala,Vatsala-Patil.mp3
mahesh-naresh-albums__Mahesh-Naresh_Albums.iso	PowerISO	f	90	90	none	/Mahesh Naresh Nonstop Garba (1993) by SOOR MANDIR	Mahesh Naresh 1993 (Nonstop Garba)   Old Classic Gujarati Songs Collection  Soormandir.mp3
mahesh-naresh-albums__Mahesh-Naresh_Albums.iso	PowerISO	f	90	90	none	/Mahesh Kumar Singing Song	Jog-Sanjog   Hun Jamnagar Man Janmelo   Gujarati Song   Mahesh Kumar & Kamlesh Avasthi.mp3
mahesh-naresh-albums__Mahesh-Naresh_Albums.iso	PowerISO	f	99	99	none	/Mahesh Kumar Singing Song	Ore Rupaldi Re - Hd Video Song   Hitu Kanodiya & Pranjal Bhatt   Vahuraani   Gujarati Love Song.mp3
others-hits-albums__Others_Hits_Albums.iso	PowerISO	f	89	89	none	/The Best 70s Gujarati Hits Song	Bhrashtachar Muradabad   O Raj Re   Gujarati Song   Mahendra Kapoor & Usha Mangeshkar.mp3
others-hits-albums__Others_Hits_Albums.iso	PowerISO	f	92	92	none	/The Best 70s Gujarati Hits Song	Halaman Jethwo   Ek Joie Juwandi Lakhman   Gujarati Song   Asha Bhosle & Mahendra Kapoor.mp3
others-hits-albums__Others_Hits_Albums.iso	PowerISO	f	86	86	none	/The Best 70s Gujarati Hits Song	Halaman Jethwo   Mune Ekli Meline   Gujarati Song   Asha Bhosle & Veljibhai Gajjar.mp3
others-hits-albums__Others_Hits_Albums.iso	PowerISO	f	86	120	Gujarati	/The Best 70s Gujarati Hits Song	Tame Re Champo Ne Ame Kel   તમે રે ચંપો ને અમે કેળ   Praful Dave, Anuradha Paudwal.mp3
others-hits-albums__Others_Hits_Albums.iso	PowerISO	f	90	90	none	/O Rasiya Re - Hits Of Praful Dave (2014)	Aa-Jambaniyu-Madmatu-(From-&quot_Shetal-Tara-Unda-Paani&quot_)-Alka-Yagnik,Praful-Dave.mp3
others-hits-albums__Others_Hits_Albums.iso	PowerISO	f	91	91	none	/O Rasiya Re - Hits Of Praful Dave (2014)	Choy-Na-Male-Choy-Na-(From-&quot_Angane-Vage-Ruda-Dhol&quot_)-Praful-Dave,Vatsala-Patil.mp3
others-hits-albums__Others_Hits_Albums.iso	PowerISO	f	87	87	none	/O Rasiya Re - Hits Of Praful Dave (2014)	O-Albel-Vaalamji-(From-&quot_Hits-Of-Naresh-Kanodiya&quot_)-Alka-Yagnik,Praful-Dave.mp3
others-hits-albums__Others_Hits_Albums.iso	PowerISO	f	110	110	none	/Kishore Kumar Yaadgaar Gujarati Geeto (2016)	Kishore Kumar Yaadgaar Gujarati Geeto (2016) - Kishore Kumar - Listen to Kishore Kumar Yaadgaar Gujarati~0.mp3
others-hits-albums__Others_Hits_Albums.iso	PowerISO	f	110	110	none	/Kishore Kumar Yaadgaar Gujarati Geeto (2016)	Kishore Kumar Yaadgaar Gujarati Geeto (2016) - Kishore Kumar - Listen to Kishore Kumar Yaadgaar Gujarati~1.mp3
others-hits-albums__Others_Hits_Albums.iso	PowerISO	f	110	110	none	/Kishore Kumar Yaadgaar Gujarati Geeto (2016)	Kishore Kumar Yaadgaar Gujarati Geeto (2016) - Kishore Kumar - Listen to Kishore Kumar Yaadgaar Gujarati~2.mp3
others-hits-albums__Others_Hits_Albums.iso	PowerISO	f	110	110	none	/Kishore Kumar Yaadgaar Gujarati Geeto (2016)	Kishore Kumar Yaadgaar Gujarati Geeto (2016) - Kishore Kumar - Listen to Kishore Kumar Yaadgaar Gujarati~3.mp3
others-hits-albums__Others_Hits_Albums.iso	PowerISO	f	110	110	none	/Kishore Kumar Yaadgaar Gujarati Geeto (2016)	Kishore Kumar Yaadgaar Gujarati Geeto (2016) - Kishore Kumar - Listen to Kishore Kumar Yaadgaar Gujarati~4.mp3
others-hits-albums__Others_Hits_Albums.iso	PowerISO	f	87	87	none	/Gujarati Romantic Collections By Anuradha Paudwal (2014)	Dagle-Ne-Meru-Aapne-(From-&quot_Moti-Verana-Chokma&quot_)-Anuradha-Paudwal,Poornima.mp3
others-hits-albums__Others_Hits_Albums.iso	PowerISO	f	93	93	none	/Gujarati Romantic Collections By Anuradha Paudwal (2014)	Jag-Re-Jeeteeu-Ame-(From-&quot_Sajan-Tara-Shambharana&quot_)-Praful-Dave,Anuradha-Paudwal.mp3
others-hits-albums__Others_Hits_Albums.iso	PowerISO	f	95	95	none	/Gujarati Romantic Collections By Anuradha Paudwal (2014)	Lamba-Chotalavali-Re-(From-&quot_Shetal-Tara-Unda-Paani&quot_)-Praful-Dave,Anuradha-Paudwal.mp3
others-hits-albums__Others_Hits_Albums.iso	PowerISO	f	91	91	none	/Gujarati Romantic Collections By Anuradha Paudwal (2014)	Tara-Kala-Ghela-(From-&quot_Dharato-No-Dhabkar&quot_)-Anuraddh-Paudwal,Karsan-Sagathiya.mp3
others-hits-albums__Others_Hits_Albums.iso	PowerISO	f	88	88	none	/Gujarati Romantic Collections By Anuradha Paudwal (2014)	Tu-To-Karje-Korani-(From-&quot_Sajan-Ne-Sathvari&quot_)-Praful-Dave,Anuradha-Paudwal.mp3
others-hits-albums__Others_Hits_Albums.iso	PowerISO	f	101	101	none	/Gujarati Hits Of Mahendra Kapoor 2	Ladli-Benana-Lagan-(From-&quot_Halo-Ne-Madi-Garabe-Ramadu&quot_)-Mahendra-Kapoor,Jayshree-Shivram.mp3
others-hits-albums__Others_Hits_Albums.iso	PowerISO	f	91	91	none	/Gujarati Hits Of Mahendra Kapoor 2	Sathe-Mari-Aanad-(From-&quot_Shradhdha-Ne-Sathvare&quot_)-Mahendra-Kapoor,Anita-Gadhavi.mp3
others-hits-albums__Others_Hits_Albums.iso	PowerISO	f	101	101	none	/Gujarati Hits Of Mahendra Kapoor (2014)	Ladli-Benana-Lagan-(From-&quot_Halo-Ne-Madi-Garabe-Ramadu&quot_)-Mahendra-Kapoor,Jayshree-Shivram.mp3
others-hits-albums__Others_Hits_Albums.iso	PowerISO	f	91	91	none	/Gujarati Hits Of Mahendra Kapoor (2014)	Sathe-Mari-Aanad-(From-&quot_Shradhdha-Ne-Sathvare&quot_)-Mahendra-Kapoor,Anita-Gadhavi.mp3
others-hits-albums__Others_Hits_Albums.iso	PowerISO	f	87	87	none	/Geeta Dutt Gujarati Song	Zindagi chhe dillagi  Geeta Dutt, A R Oza  Film - Nanand Bhojai (1949) Gujrati Song.mp3
others-hits-albums__Others_Hits_Albums.iso	PowerISO	f	93	93	none	/Chitada No Chor - Hits Of Kavita Krishnamurthy (2013)	Aabhe-Vadal-Umtya-(From-&quot_Dharato-No-Dhabkar&quot_)-Kavita-Krishnamurthy,Udit-Narayan.mp3
others-hits-albums__Others_Hits_Albums.iso	PowerISO	f	90	90	none	/Chitada No Chor - Hits Of Kavita Krishnamurthy (2013)	Antakadi-(From-&quot_Madi-Jaya-Nu-Mameru&quot_)-Kavita-Krishnamurthy,Krishan-Sangadiya.mp3
others-hits-albums__Others_Hits_Albums.iso	PowerISO	f	94	94	none	/Chitada No Chor - Hits Of Kavita Krishnamurthy (2013)	Chhod-Chhod-Maro-(From-&quot_Tahuke-Sajan-Sambhare&quot_)-Kavita-Krishnamurthy,Praful-Dave.mp3
others-hits-albums__Others_Hits_Albums.iso	PowerISO	f	94	94	none	/Chitada No Chor - Hits Of Kavita Krishnamurthy (2013)	Dheere-Moraldi-Vagad-(From-&quot_Prem-Na-Bhandhan&quot_)-Kavita-Krishnamurthy,Vinod-Rathod.mp3
others-hits-albums__Others_Hits_Albums.iso	PowerISO	f	87	87	none	/Chitada No Chor - Hits Of Kavita Krishnamurthy (2013)	He-Kanuda-Tu-Chhe-(From-&quot_Madhav-Pur-Ne-Mele&quot_)-Kavita-Krishnamurthy,Hashan.mp3
others-hits-albums__Others_Hits_Albums.iso	PowerISO	f	97	97	none	/Chitada No Chor - Hits Of Kavita Krishnamurthy (2013)	Lilo-Mehndi-No-Chhod-(From-&quot_Madi-Jaya-Nu-Mameru&quot_)-Kavita-Krishnamurthy,Vinod-Rathod.mp3
others-hits-albums__Others_Hits_Albums.iso	PowerISO	f	87	87	none	/Chitada No Chor - Hits Of Kavita Krishnamurthy (2013)	Mara-Sajan-Ne-(From-&quot_Sajan-Ne-Sathvari&quot_)-Kavita-Krishnamurthy,Praful-Dave.mp3
others-hits-albums__Others_Hits_Albums.iso	PowerISO	f	91	91	none	/Chitada No Chor - Hits Of Kavita Krishnamurthy (2013)	Moralo-Bole-Rehu-(From-&quot_Prem-Na-Bhandhan&quot_)-Kavita-Krishnamurthy,Suresh-Wadkar.mp3
others-hits-albums__Others_Hits_Albums.iso	PowerISO	f	92	92	none	/Chitada No Chor - Hits Of Kavita Krishnamurthy (2013)	Ora-Ora-Avo-Vhala-(From-&quot_Prem-Na-Bhandhan&quot_)-Kavita-Krishnamurthy,Suresh-Wadkar.mp3
others-hits-albums__Others_Hits_Albums.iso	PowerISO	f	99	99	none	/Chitada No Chor - Hits Of Kavita Krishnamurthy (2013)	Tahuke-Saajan-Sambha-(From-&quot_Hits-Of-Nareh-Kanodiya&quot_)-Kavita-Krishnamurthy,Praful-Dave.mp3
others-hits-albums__Others_Hits_Albums.iso	PowerISO	f	87	87	none	/Best Of Anuradha Paudwal - Sayba Mora (2013)	Dagle-Ne-Meru-Aapne-(From-&quot_Moti-Verana-Chokma&quot_)-Anuradha-Paudwal,Poornima.mp3
others-hits-albums__Others_Hits_Albums.iso	PowerISO	f	93	93	none	/Best Of Anuradha Paudwal - Sayba Mora (2013)	Jag-Re-Jeeteeu-Ame-(From-&quot_Sajan-Tara-Shambharana&quot_)-Anuradha-Paudwal,Praful-Dave.mp3
others-hits-albums__Others_Hits_Albums.iso	PowerISO	f	95	95	none	/Best Of Anuradha Paudwal - Sayba Mora (2013)	Lamba-Chotalavali-Re-(From-&quot_Shetal-Tara-Unda-Paani&quot_)-Anuradha-Paudwal,Praful-Dave.mp3
others-hits-albums__Others_Hits_Albums.iso	PowerISO	f	90	90	none	/Best Of Anuradha Paudwal - Sayba Mora (2013)	Tara-Kala-Ghela-(From-&quot_Dharato-No-Dhabkar&quot_)-Anuradha-Paudwal,Karsan-Sagathia.mp3
others-hits-albums__Others_Hits_Albums.iso	PowerISO	f	88	88	none	/Best Of Anuradha Paudwal - Sayba Mora (2013)	Tu-To-Karje-Korani-(From-&quot_Sajan-Ne-Sathvari&quot_)-Anuradha-Paudwal,Praful-Dave.mp3
program-arduino__PROGRAM_ARDUINO.iso	UltraISO	f	96	96	none	/Bonus Video Tutorial Arduino Pemula	DuinoLab Starter Kit #9 - Brightness Level Detector (Photoresistor + 10 Segment LED) (fixed).mp4
rafi-sahab-lp-record-audio-song__Rafi_Sahab_LP_Record_Audio_Song.iso	PowerISO	f	103	103	none	/FTV Records {LP Record}	Chalo Re Doli Uthao.Jaani Dushman1979.Mohammed Rafi.Laxmikant Pyarelal.Sunil D.Reena R.Rekha.Shatru.mp3
rafi-sahab-lp-record-audio-song__Rafi_Sahab_LP_Record_Audio_Song.iso	PowerISO	f	102	102	none	/FTV Records {LP Record}	Chand Mera Dil Mohd rafi From Hum Kisi Se Kum Naheen R D Burman On Bollywood Vinyl Record   #music.mp3
rafi-sahab-lp-record-audio-song__Rafi_Sahab_LP_Record_Audio_Song.iso	PowerISO	f	96	96	none	/FTV Records {LP Record}	Din Dhal Jaye Haye Song by Mohammed Rafi Playing On Bollywood LP Vinyl Record Hindi   #music.mp3
rafi-sahab-lp-record-audio-song__Rafi_Sahab_LP_Record_Audio_Song.iso	PowerISO	f	90	90	none	/FTV Records {LP Record}	Lata Mangeshkar & Mohd Rafi - Ye Dil Tum Bin Lagta Nahin (1968) (Vinyl Reissue - 1977).mp3
rafi-sahab-lp-record-audio-song__Rafi_Sahab_LP_Record_Audio_Song.iso	PowerISO	f	95	97	General punctuation	/FTV Records {LP Record}	Mohamed Rafi & Lata Mangeshkar – Oh Meri Chorni Oh Meri Morni (Parts I & II) (Vinyl - 1981).mp3
rafi-sahab-lp-record-audio-song__Rafi_Sahab_LP_Record_Audio_Song.iso	PowerISO	f	89	89	none	/FTV Records {LP Record}	Mohd Rafi & Lata Mangeshker - Chhupa Kar Meri Ankhon Ko (1957) (Vinyl Reissue - 1978).mp3
rafi-sahab-lp-record-audio-song__Rafi_Sahab_LP_Record_Audio_Song.iso	PowerISO	f	87	87	none	/FTV Records {LP Record}	Mohd Rafi,Asha Bhosle & Shailendra Singh - Ae Yaar Sun Yaari Teri(Vinyl Rip - 1979).mp3
rafi-sahab-lp-record-audio-song__Rafi_Sahab_LP_Record_Audio_Song.iso	PowerISO	f	90	90	none	/FTV Records {LP Record}	Mujhko Mere Baad Zamana Dhoonhega Tribute To Mohammedd Rafi Saab.Ek Naari Do Roop1973..mp3
rafi-sahab-lp-record-audio-song__Rafi_Sahab_LP_Record_Audio_Song.iso	PowerISO	f	87	87	none	/FTV Records {LP Record}	Tare Haaton Mein Mohd Rafi Asha Bhosle From Jaani Dushman Playing On Vinyl   #music.mp3
rafi-sahab-lp-record-audio-song__Rafi_Sahab_LP_Record_Audio_Song.iso	PowerISO	f	93	93	none	/FTV Records {LP Record}	Tere Mere Sapne Ab Ek Rang Hain Song by Mohammed Rafi Playing On Lp Vinyl Record   #music.mp3
rafi-sahab-lp-record-audio-song__Rafi_Sahab_LP_Record_Audio_Song.iso	PowerISO	f	102	102	none	/FTV Records {LP Record}	Yeh Aapne Kya Kar Diya.Khuda Kasam1981.Asha Bhosle.Mohammed Rafi.Laxmikant Pyarelal.Vinod K.Tina M.mp3
rafi-sahab-lp-record-audio-song__Rafi_Sahab_LP_Record_Audio_Song.iso	PowerISO	f	99	99	none	/Dss Vinyl Records	Aamne Samne 1967--Kabhi Raat Din Hum Door The--Mohammed Rafi, Lata Mangeshkar--Kalyanji Anandji.mp3
rafi-sahab-lp-record-audio-song__Rafi_Sahab_LP_Record_Audio_Song.iso	PowerISO	f	104	104	none	/Dss Vinyl Records	Aap Aye Bahaar Ayee 1971-Mujhe Teri Mohabbat Ka-- Mohammed Rafi, Lata Mangeshkar--Laxmikant Pyarelal.mp3
rafi-sahab-lp-record-audio-song__Rafi_Sahab_LP_Record_Audio_Song.iso	PowerISO	f	86	86	none	/Dss Vinyl Records	Ab Kya Hoga 1977--Sar-E-Mehfil Mera Imaan--Mohammed Rafi, Asha Bhosle--Usha Khanna.mp3
rafi-sahab-lp-record-audio-song__Rafi_Sahab_LP_Record_Audio_Song.iso	PowerISO	f	101	101	none	/Dss Vinyl Records	Amar Akbar Anthony 1977--Humko Tumse--Lata , Kishore Kumar, Mohd Rafi, Mukesh--Laxmikant Pyarelal.mp3
rafi-sahab-lp-record-audio-song__Rafi_Sahab_LP_Record_Audio_Song.iso	PowerISO	f	94	94	none	/Dss Vinyl Records	Anokhi Ada 1973--Tere Dil Mein Zara Si--Lata Mangeshkar, Mohammed Rafi--Laxmikant Pyarelal.mp3
rafi-sahab-lp-record-audio-song__Rafi_Sahab_LP_Record_Audio_Song.iso	PowerISO	f	100	100	none	/Dss Vinyl Records	Apni Aankhon Mein Basa kar - Thokar 1972 - Mohammed Rafi - Shamji Ghanshamji   Vinyl   EP Record.mp3
rafi-sahab-lp-record-audio-song__Rafi_Sahab_LP_Record_Audio_Song.iso	PowerISO	f	94	94	none	/Dss Vinyl Records	Chand Mera Dil-Hum Kisise Kum Naheen 1977-R. D. Burman-Mohd.Rafi,Kishore Kumar,Asha Bhosle.mp3
rafi-sahab-lp-record-audio-song__Rafi_Sahab_LP_Record_Audio_Song.iso	PowerISO	f	102	102	none	/Dss Vinyl Records	Dil Tera Diwana 1962-Mujhe Kitna Pyar Hai Tumse--Mohammed Rafi, Lata Mangeshkar--Shankar Jaikishan.mp3
rafi-sahab-lp-record-audio-song__Rafi_Sahab_LP_Record_Audio_Song.iso	PowerISO	f	100	100	none	/Dss Vinyl Records	Doosra Aadmi 1977--Chal Kahin Door--Kishore Kumar, Mohammed Rafi, Lata Mangeshkar--Rajesh Roshan.mp3
rafi-sahab-lp-record-audio-song__Rafi_Sahab_LP_Record_Audio_Song.iso	PowerISO	f	96	98	General punctuation	/Dss Vinyl Records	Ek Baap Chhe Bete 1978--Ghadi Milan Ki Aayi– Mohammed Rafi, Sulakshana Pandit--Rajesh Roshan.mp3
rafi-sahab-lp-record-audio-song__Rafi_Sahab_LP_Record_Audio_Song.iso	PowerISO	f	94	94	none	/Dss Vinyl Records	Ek Nazar 1972--Patta Patta Boota Boota--Mohammed Rafi, Lata Mangeshkar--Laxmikant-Pyarelal.mp3
rafi-sahab-lp-record-audio-song__Rafi_Sahab_LP_Record_Audio_Song.iso	PowerISO	f	86	86	none	/Dss Vinyl Records	Hai Agar Dushman-Hum Kisise Kum Naheen 1977-R.D. Burman-Mohammed Rafi, Asha Bhosle.mp3
rafi-sahab-lp-record-audio-song__Rafi_Sahab_LP_Record_Audio_Song.iso	PowerISO	f	98	98	none	/Dss Vinyl Records	Haseena Maan Jayegi 1968--Bekhudi Mein Sanam--Mohammed Rafi, Lata Mangeshkar--Kalyanji Anandji.mp3
rafi-sahab-lp-record-audio-song__Rafi_Sahab_LP_Record_Audio_Song.iso	PowerISO	f	88	88	none	/Dss Vinyl Records	Jaani Dushman 1979--Tere Haathon Mei--Asha Bhosle, Mohammed Rafi--Laxmikant Pyarelal.mp3
rafi-sahab-lp-record-audio-song__Rafi_Sahab_LP_Record_Audio_Song.iso	PowerISO	f	101	101	none	/Dss Vinyl Records	Jaanu Meri Jaan-Shaan 1980-R.D. Burman-Kishore Kumar, Mohammed Rafi, Asha Bhosle, Usha Mangeshkar.mp3
rafi-sahab-lp-record-audio-song__Rafi_Sahab_LP_Record_Audio_Song.iso	PowerISO	f	95	95	none	/Dss Vinyl Records	Jeevan Mrityu 1970--Jhilmil Sitaron Ka --Lata Mangeshkar, Mohammed Rafi--Laxmikant Pyarelal.mp3
rafi-sahab-lp-record-audio-song__Rafi_Sahab_LP_Record_Audio_Song.iso	PowerISO	f	93	93	none	/Dss Vinyl Records	Jigri Dost 1969--Dil Men Kya Hai Tere--Lata Mangeshkar, Mohammed Rafi--Laxmikant Pyarelal.mp3
rafi-sahab-lp-record-audio-song__Rafi_Sahab_LP_Record_Audio_Song.iso	PowerISO	f	93	93	none	/Dss Vinyl Records	Jigri Dost 1969--Phool Hai Baharon Ka--Lata Mangeshkar, Mohammed Rafi--Laxmikant Pyarelal.mp3
rafi-sahab-lp-record-audio-song__Rafi_Sahab_LP_Record_Audio_Song.iso	PowerISO	f	104	104	none	/Dss Vinyl Records	Kahin Ek Masoom Nazuk Si Ladki-Shankar Hussain 1977-Khayyam-Mohd. Rafi- Lyric-Kamal Amrohi-Kanwaljit.mp3
rafi-sahab-lp-record-audio-song__Rafi_Sahab_LP_Record_Audio_Song.iso	PowerISO	f	89	89	none	/Dss Vinyl Records	Kali Topi Lal Rumal 1959--Laagi Chhoote Na--Lata Mangeshkar & Mohd. Rafi--Chitragupta.mp3
rafi-sahab-lp-record-audio-song__Rafi_Sahab_LP_Record_Audio_Song.iso	PowerISO	f	110	110	none	/Dss Vinyl Records	Laila Majnu  1976 Likh Kar Tere Naam Zamin Par -Laila Majnu (1976) Mohd Rafi Lata Mangeshkar Md Madan Mo~0.mp3
rafi-sahab-lp-record-audio-song__Rafi_Sahab_LP_Record_Audio_Song.iso	PowerISO	f	92	92	none	/Dss Vinyl Records	Laila Majnu 1976--Ab Agar Hum Se Khudai Bhi--Mohammed Rafi, Lata Mangeshkar--Madan Mohan.mp3
rafi-sahab-lp-record-audio-song__Rafi_Sahab_LP_Record_Audio_Song.iso	PowerISO	f	90	90	none	/Dss Vinyl Records	Leke Pahla Pahla Pyar-C.I.D 1955-O. P. Nayyar-Asha Bhosle, Shamshad Begum & Mohd. Rafi.mp3
rafi-sahab-lp-record-audio-song__Rafi_Sahab_LP_Record_Audio_Song.iso	PowerISO	f	104	104	none	/Dss Vinyl Records	Meri Hasraton Ki Dunya-Gaal Gulabi Nain Sharabi 1973-Shamji Ghanshamji -  Mohd. Rafi & Krishna Kalle.mp3
rafi-sahab-lp-record-audio-song__Rafi_Sahab_LP_Record_Audio_Song.iso	PowerISO	f	99	99	none	/Dss Vinyl Records	Pal Do Pal Ka +(Reprise & Theme)-The Burning Train 1980-R. D. Burman-Mohammed Rafi, Asha Bhosle.mp3
rafi-sahab-lp-record-audio-song__Rafi_Sahab_LP_Record_Audio_Song.iso	PowerISO	f	95	95	none	/Dss Vinyl Records	Pardesiya Tere Desh Me-Garam Khoon 1980-Shankar Jaikishan- Sulakshana Pandit, Mohammed Rafi.mp3
rafi-sahab-lp-record-audio-song__Rafi_Sahab_LP_Record_Audio_Song.iso	PowerISO	f	86	86	none	/Dss Vinyl Records	Phandebaaz 1987--Mohabbat Me Aji Kya--Mohammed Rafi, Lata Mangeshkar--R. D. Burman.mp3
rafi-sahab-lp-record-audio-song__Rafi_Sahab_LP_Record_Audio_Song.iso	PowerISO	f	87	87	none	/Dss Vinyl Records	Raat Ke Hum Safar-An Evening Paris 1967-Shankar Jaikishan-Mohd. Rafi  & Asha Bhosle.mp3
rafi-sahab-lp-record-audio-song__Rafi_Sahab_LP_Record_Audio_Song.iso	PowerISO	f	88	88	none	/Dss Vinyl Records	Sargam 1979 --Parbat Ke Us Paar--Lata Mangeshkar, Mohammed Rafi-- Laxmikant-Pyarelal.mp3
rafi-sahab-lp-record-audio-song__Rafi_Sahab_LP_Record_Audio_Song.iso	PowerISO	f	88	88	none	/Dss Vinyl Records	Simti Hui Yeh Ghadiyaan-Chambal Ki Kasam 1980-Khayyam-Mohammad Rafi, Lata Mangeshkar.mp3
rafi-sahab-lp-record-audio-song__Rafi_Sahab_LP_Record_Audio_Song.iso	PowerISO	f	89	89	none	/Dss Vinyl Records	Tujhe Jeevan Ki Dor Se-Asli Naqli 1963-Shanker-Jaikishen-Lata Mangeshkar & Mohd. Rafi.mp3
rafi-sahab-lp-record-audio-song__Rafi_Sahab_LP_Record_Audio_Song.iso	PowerISO	f	89	89	none	/Dss Vinyl Records	Ye Dil Tum Bin Lagta Nahin-Izzat 1968-Laxmikant Pyarelal-Mohd. Rafi & Lata Mangeshkar.mp3
rafi-sahab-lp-record-audio-song__Rafi_Sahab_LP_Record_Audio_Song.iso	PowerISO	f	88	88	none	/Dss Vinyl Records	Yun Hi Tum Mujhse-Sachaa Jhutha 1970-Kalyanji Anandji-Lata Mangeshkar, Mohammed Rafi.mp3
rafi-sahab-lp-record-audio-song__Rafi_Sahab_LP_Record_Audio_Song.iso	PowerISO	f	104	104	none	/Dss Vinyl Records	Zamane Ko Dikhana Hai 1981--Poochho Na Yaar Kya --Asha Bhosle, Mohd Rafi, Padmini Rishi -R.D. Burman.mp3
rafi-sahab-lp-record-audio-song__Rafi_Sahab_LP_Record_Audio_Song.iso	PowerISO	f	90	90	none	/Dss Vinyl Records	Zulm Ki Pukar 1979--Is Ishq Mohabbat Ki--Mohammed Rafi, Chandrani Mukherjee--Sonik Omi.mp3
rzr-bbbd14049__rzr-bbbd14049.iso	UltraISO	f	95	95	none	/Soundtrack	Breakdown Epiphanies - Battle Brothers OST - 08 - Laying Siege to Hammerburg (Noble Houses).mp3
rzr-bbbd14049__rzr-bbbd14049.iso	UltraISO	f	87	87	none	/Soundtrack	Breakdown Epiphanies - Battle Brothers OST - 09 - Traversing the Northern Clanlands.mp3
rzr-bbbd14049__rzr-bbbd14049.iso	UltraISO	f	102	102	none	/Soundtrack	Breakdown Epiphanies - Battle Brothers OST - 22 - Rise and Fall of House Kaltenborn (Noble Houses).mp3
rzr-bbbd14049__rzr-bbbd14049.iso	UltraISO	f	88	88	none	/Soundtrack	Breakdown Epiphanies - Battle Brothers OST - 30 - Forging a Legacy (Release Trailer).mp3
rzr-bbbd14049__rzr-bbbd14049.iso	UltraISO	f	109	109	none	/Soundtrack	Breakdown Epiphanies - Battle Brothers OST - 31 - A Storm Approaching (Beasts) (Beasts & Exploration DLC).mp3
rzr-bbbd14049__rzr-bbbd14049.iso	UltraISO	f	100	100	none	/Soundtrack	Breakdown Epiphanies - Battle Brothers OST - 32 - Into The Wilderness (Beasts & Exploration DLC).mp3
rzr-bbbd14049__rzr-bbbd14049.iso	UltraISO	f	110	110	none	/Soundtrack	Breakdown Epiphanies - Battle Brothers OST - 33 - Chant for the Old Gods (Barbarians) (Warriors of the Nor.mp3
rzr-bbbd14049__rzr-bbbd14049.iso	UltraISO	f	110	110	none	/Soundtrack	Breakdown Epiphanies - Battle Brothers OST - 34 - Adrenaline Rush (Barbarians) (Warriors of the North DLC).mp3
santwani-jamunaben-godaliya__Santwani__Jamunaben_Godaliya_.iso	PowerISO	f	93	93	none	/16	Gujarati Bhajan - Mandama Mara Tandama Maro Guruji - Santvani (Bhag 16 - video Dailymotion.ts
santwani-jamunaben-godaliya__Santwani__Jamunaben_Godaliya_.iso	PowerISO	f	88	88	none	/16	Gujarati Bhajan - Maru Re Piyariyu Madhavpur - Santvani (Bhag 16) - video Dailymotion.ts
santwani-jamunaben-godaliya__Santwani__Jamunaben_Godaliya_.iso	PowerISO	f	95	95	none	/16	Gujarati Bhajan - Saathi Re Bandhi Che Guruji Preet - Santvani (Bhag 16) - video Dailymotion.ts
santwani-jamunaben-godaliya__Santwani__Jamunaben_Godaliya_.iso	PowerISO	f	86	86	none	/16	Gujarati Bhajan - Sachu Jenathi Na Samjhay - Santvani (Bhag 16) - video Dailymotion.ts
santwani-jamunaben-godaliya__Santwani__Jamunaben_Godaliya_.iso	PowerISO	f	95	95	none	/16	Gujarati Bhajan - Vaatma Ne Vaatma Parki Panchatama - Santvani (Bhag 16) - video Dailymotion.ts
santwani-jamunaben-godaliya__Santwani__Jamunaben_Godaliya_.iso	PowerISO	f	87	87	none	/11	Gujarati Bhajan - Hare Phare Hari Nahi Mane - Santvani (Bhag 11) - video Dailymotion.ts
santwani-jamunaben-godaliya__Santwani__Jamunaben_Godaliya_.iso	PowerISO	f	90	90	none	/11	Gujarati Bhajan - Vaato Have Koni Haare Kariye - Santvani (Bhag 11) - video Dailymotion.ts
santwani-jamunaben-godaliya__Santwani__Jamunaben_Godaliya_.iso	PowerISO	f	86	86	none	/01	Kai Riye Samajvu Murakh Tane - Santwani Part 1 - Gujarati Songs - video Dailymotion.ts
santwani-jamunaben-godaliya__Santwani__Jamunaben_Godaliya_.iso	PowerISO	f	90	90	none	/01	Vani Re Vani Mara Sadguruni Vani - Santwani Part 1 - Gujarati Songs - video Dailymotion.ts
santwani-jamunaben-godaliya__Santwani__Jamunaben_Godaliya_.iso	PowerISO	f	102	102	none	/00 Top Hits Jamunaben	Araj Mari Sabhalone Ranujana Raay _ Gujarati Bhaktigeet Songs _ Gujarati Devotional Songs(720P_HD).mp4
santwani-jamunaben-godaliya__Santwani__Jamunaben_Godaliya_.iso	PowerISO	f	88	88	none	/00 Top Hits Jamunaben	BHAJANMA BHELA REJO MARA  _ JAMUNABEN GODLIYA _ SANTWANI - 11 _ LALEN MUSIC(720P_HD).mp4
santwani-jamunaben-godaliya__Santwani__Jamunaben_Godaliya_.iso	PowerISO	f	99	99	none	/00 Top Hits Jamunaben	Gujarati Bhajan  Hansa Pivo Re Pyala Premna  Gujarati Bhaktigeet Song  Gujarati Devotional Song.mp4
santwani-jamunaben-godaliya__Santwani__Jamunaben_Godaliya_.iso	PowerISO	f	98	98	none	/00 Top Hits Jamunaben	Gujarati Bhajan  Kanuda Ne Jaee Ne Kejo Re  Gujarati Bhaktigeet Song  Gujarati Devotional Song.mp4
santwani-jamunaben-godaliya__Santwani__Jamunaben_Godaliya_.iso	PowerISO	f	95	95	none	/00 Top Hits Jamunaben	Gujarati Bhajan - Vaatma Ne Vaatma Parki Panchatama - Santvani (Bhag 16) - video Dailymotion.ts
santwani-jamunaben-godaliya__Santwani__Jamunaben_Godaliya_.iso	PowerISO	f	110	110	none	/00 Top Hits Jamunaben	Gujarati Bhajan _ Kanuda Ne Jaee Ne Kejo Re _ Gujarati Bhaktigeet Song _ Gujarati Devotional Song(720P_HD).mp4
santwani-jamunaben-godaliya__Santwani__Jamunaben_Godaliya_.iso	PowerISO	f	110	110	none	/00 Top Hits Jamunaben	Gujarati Bhaktigeet _ Kidi Bichari _ Jamunaben Godaliya _ Gujarati Devotional Song _ Gujarati Bhajan(720~0.mp4
santwani-jamunaben-godaliya__Santwani__Jamunaben_Godaliya_.iso	PowerISO	f	97	97	none	/00 Top Hits Jamunaben	JIVA PATELIYA RE TAME SATNI KHETI  _ JAMUNABEN GODLIYA _ SANTWANI - 11 _ LALEN MUSIC(720P_HD).mp4
santwani-jamunaben-godaliya__Santwani__Jamunaben_Godaliya_.iso	PowerISO	f	102	102	none	/00 Top Hits Jamunaben	SWARG BHAVAN MA THI UTARI _ JAMUNABEM GODALIYA _ GUJARATI BHAJAN _ GUJARATI DEVOTIONAL BHAKTI SONG.mp4
santwani-jamunaben-godaliya__Santwani__Jamunaben_Godaliya_.iso	PowerISO	f	109	109	none	/00 Top Hits Jamunaben	Taro Bharatji Bhale Gadie Betho _ Jamunaben Godaliya _ Gujarati Bhaktigeet _ Gujarati Devotional(720P_HD).mp4
steps-2-christ-ebook-collection__Steps_2_Christ_Ebook_Collection.iso	IMAPI	f	86	84	none	/Bonus Books & Mp3's/Ebooks	One Hundred Tools for Teachers for Building Self Esteem in Children (Transcript).pdf;1
unreleased-os__WINXP_UPDATE_2022.iso	MagicISO	f	96	96	none	/I386/WINSXS/MANIFESTS	X86_MICROSOFT.TOOLS.VISUALCPLUSPLUS.RUNTIME-LIBRARIES_6595B64144CCF1DF_6.0.0.0_X-WW_FF9986D7.CAT
unreleased-os__WINXP_UPDATE_2022.iso	MagicISO	f	101	101	none	/I386/WINSXS/MANIFESTS	X86_MICROSOFT.TOOLS.VISUALCPLUSPLUS.RUNTIME-LIBRARIES_6595B64144CCF1DF_6.0.0.0_X-WW_FF9986D7.MANIFEST
vikram-thakore-5-movie-song__Vikram_Thakore_5-Movie_Song.iso	PowerISO	f	110	110	none	/Ek Vaar Piyu Ne Madva Aavje (2008)	Ek-Vaar-Piyu-Ne-Malava-Aavje--(Title-Sad)-Vikram-Thakor,Arvind-Barot,Nayan-Rathod,Dipali-Somaiya,Shilpa-~0.mp3
vikram-thakore-5-movie-song__Vikram_Thakore_5-Movie_Song.iso	PowerISO	f	101	101	none	/Ek Vaar Piyu Ne Madva Aavje (2008)	Ek-Vaar-Piyu-Ne-Malava-Aavje-Vikram-Thakor,Arvind-Barot,Nayan-Rathod,Dipali-Somaiya,Shilpa-Thakor.mp3
vikram-thakore-5-movie-song__Vikram_Thakore_5-Movie_Song.iso	PowerISO	f	91	91	none	/Ek Vaar Piyu Ne Madva Aavje (2008)	Gori-Taro-Latko-Re-Vikram-Thakor,Arvind-Barot,Nayan-Rathod,Dipali-Somaiya,Shilpa-Thakor.mp3
vikram-thakore-5-movie-song__Vikram_Thakore_5-Movie_Song.iso	PowerISO	f	93	93	none	/Ek Vaar Piyu Ne Madva Aavje (2008)	Hu-Rangilo-Hu-Mojilo-Vikram-Thakor,Arvind-Barot,Nayan-Rathod,Dipali-Somaiya,Shilpa-Thakor.mp3
vikram-thakore-5-movie-song__Vikram_Thakore_5-Movie_Song.iso	PowerISO	f	95	95	none	/Ek Vaar Piyu Ne Madva Aavje (2008)	Kalju-Kapi-Jivdo-Kadhu-Vikram-Thakor,Arvind-Barot,Nayan-Rathod,Dipali-Somaiya,Shilpa-Thakor.mp3
vikram-thakore-5-movie-song__Vikram_Thakore_5-Movie_Song.iso	PowerISO	f	110	110	none	/Ek Vaar Piyu Ne Madva Aavje (2008)	Perodi-(Prem-Gori-Taro,-Khili-Khili,-Rajvadi,-Sanedo)-Vikram-Thakor,Arvind-Barot,Nayan-Rathod,Dipali-Som~0.mp3
vikram-thakore-5-movie-song__Vikram_Thakore_5-Movie_Song.iso	PowerISO	f	86	86	none	/Ek Vaar Piyu Ne Madva Aavje (2008)	Sajni-Mori-Re-Vikram-Thakor,Arvind-Barot,Nayan-Rathod,Dipali-Somaiya,Shilpa-Thakor.mp3
wartilani-2-arabe-septembre-2025.-ta__Wartilani_2_arabe_septembre_2025.TA.iso	UltraISO	f	110	196	none	/traitement des textes/postes budgetaires	التعليمة المشتركة رقم 09 المؤرخة في 23 أكتوبر 2016 تحدد العلاقة الوظيفية بين مصالح المديرية العامة للميزانيةفي
wartilani-2-arabe-septembre-2025.-ta__Wartilani_2_arabe_septembre_2025.TA.iso	UltraISO	f	110	196	none	/traitement des textes/postes budgetaires/_vti_cnf	التعليمة المشتركة رقم 09 المؤرخة في 23 أكتوبر 2016 تحدد العلاقة الوظيفية بين مصالح المديرية العامة للميزانيةفي
wartilani-2-arabe-septembre-2025.-ta__Wartilani_2_arabe_septembre_2025.TA.iso	UltraISO	f	98	166	none	/traitement des textes/divers	تعليمة وزير المالية رقم 1739 الصادرة أواخر 2016 حول اجراءات تبليغ اعتمادات الميزانية لسنة 2017.pdf
wartilani-2-arabe-septembre-2025.-ta__Wartilani_2_arabe_septembre_2025.TA.iso	UltraISO	f	97	175	none	/traitement des textes/IEP	قبول تخصص نجارة المنيوم نجارة معمارية ميكانيك السيارات طلاء و تركيب الزجاج في رتبة استاذ حرفي.pdf
wartilani-2-arabe-septembre-2025.-ta__Wartilani_2_arabe_septembre_2025.TA.iso	UltraISO	f	87	144	none	/traitement des textes/IEP	مراسلة رقم 1702 بتاريخ 14-02-2017 احتساب الزيادة في الأقدمية بعنوان العمل في الجنوب.PDF
wartilani-2-arabe-septembre-2025.-ta__Wartilani_2_arabe_septembre_2025.TA.iso	UltraISO	f	87	144	none	/traitement des textes/IEP/_vti_cnf	مراسلة رقم 1702 بتاريخ 14-02-2017 احتساب الزيادة في الأقدمية بعنوان العمل في الجنوب.PDF
wartilani-2-arabe-septembre-2025.-ta__Wartilani_2_arabe_septembre_2025.TA.iso	UltraISO	f	95	158	none	/mise a jour  2018/التوازنات الداخلية و الخارجية للبلاد	الارسال رقم 508 المؤرخ في 16 فيفري 2016 حول استغلال المناصب المالية المحررة بعنوان سنة 2015.pdf
wartilani-2-arabe-septembre-2025.-ta__Wartilani_2_arabe_septembre_2025.TA.iso	UltraISO	f	95	158	none	/mise a jour  2018/التوازنات الداخلية و الخارجية للبلاد/_vti_cnf	الارسال رقم 508 المؤرخ في 16 فيفري 2016 حول استغلال المناصب المالية المحررة بعنوان سنة 2015.pdf
wartilani-2-arabe-septembre-2025.-ta__Wartilani_2_arabe_septembre_2025.TA.iso	UltraISO	f	86	86	none	/mise a jour  2018/wartilani iap	instruction n 96 du 10.03.2016 du MI portant sur la valorisation du patrimoine cle.pdf
wartilani-2-arabe-septembre-2025.-ta__Wartilani_2_arabe_septembre_2025.TA.iso	UltraISO	f	86	86	none	/mise a jour  2018/wartilani iap/_vti_cnf	instruction n 96 du 10.03.2016 du MI portant sur la valorisation du patrimoine cle.pdf
wartilani-2-arabe-septembre-2025.-ta__Wartilani_2_arabe_septembre_2025.TA.iso	UltraISO	f	110	193	none	/mise a jour  2018/iep	الارسال رقم 172 المؤرخ في 10 جوان 2010 الصادر عن المديرية العامة للوظيفة العمومية حول امكانية الترقية في الدرج
wartilani-2-arabe-septembre-2025.-ta__Wartilani_2_arabe_septembre_2025.TA.iso	UltraISO	f	110	193	none	/mise a jour  2018/iep/_vti_cnf	الارسال رقم 172 المؤرخ في 10 جوان 2010 الصادر عن المديرية العامة للوظيفة العمومية حول امكانية الترقية في الدرج
wartilani-2-arabe-septembre-2025.-ta__Wartilani_2_arabe_septembre_2025.TA.iso	UltraISO	f	92	164	none	/maj novembre 2019/visa prealable	خضوع قرارات الإنتداب الموظفين نحو مؤسسات عمومية إقتصادية للتأشيرة الوظيفة العمومية-10700.pdf
wartilani-2-arabe-septembre-2025.-ta__Wartilani_2_arabe_septembre_2025.TA.iso	UltraISO	f	92	164	none	/maj novembre 2019/visa prealable/_vti_cnf	خضوع قرارات الإنتداب الموظفين نحو مؤسسات عمومية إقتصادية للتأشيرة الوظيفة العمومية-10700.pdf
wartilani-2-arabe-septembre-2025.-ta__Wartilani_2_arabe_septembre_2025.TA.iso	UltraISO	f	101	178	none	/maj novembre 2019/postes superieurs	الجهة التي لها سلطة التعيين تتمته بالسطة التقديرية للتعيين و إنهاء المهام في المناصب العليا-5618 .pdf
wartilani-2-arabe-septembre-2025.-ta__Wartilani_2_arabe_septembre_2025.TA.iso	UltraISO	f	101	178	none	/maj novembre 2019/postes superieurs/_vti_cnf	الجهة التي لها سلطة التعيين تتمته بالسطة التقديرية للتعيين و إنهاء المهام في المناصب العليا-5618 .pdf
wartilani-2-arabe-septembre-2025.-ta__Wartilani_2_arabe_septembre_2025.TA.iso	UltraISO	f	88	155	none	/maj novembre 2019/dossier recrutement	الإدارة مسؤولة عن سلامة نتئاج عملية التوظيف في الإختبارات و الإمتحانات المهنية-12312.pdf
wartilani-2-arabe-septembre-2025.-ta__Wartilani_2_arabe_septembre_2025.TA.iso	UltraISO	f	101	176	none	/maj novembre 2019/dossier disciplinaire	إنعقاد المجلس التأديبي و لو كان المعني في عطلة مرضية و تزامن تاريخ الجلسة مع العطلة الصيفية-10453.pdf
wartilani-2-arabe-septembre-2025.-ta__Wartilani_2_arabe_septembre_2025.TA.iso	UltraISO	f	101	176	none	/maj novembre 2019/dossier disciplinaire/_vti_cnf	إنعقاد المجلس التأديبي و لو كان المعني في عطلة مرضية و تزامن تاريخ الجلسة مع العطلة الصيفية-10453.pdf
wartilani-2-arabe-septembre-2025.-ta__Wartilani_2_arabe_septembre_2025.TA.iso	UltraISO	f	100	101	none	/guide en arabe/regime indemnitaire/les marchés publiques	le decret presidentiel 02-250 du 24 juillet 2002 relative a l'organisation des marchés publiques.pdf
wartilani-2-arabe-septembre-2025.-ta__Wartilani_2_arabe_septembre_2025.TA.iso	UltraISO	f	100	101	none	/guide en arabe/regime indemnitaire/les marchés publiques/_vti_cnf	le decret presidentiel 02-250 du 24 juillet 2002 relative a l'organisation des marchés publiques.pdf
wartilani-2-arabe-septembre-2025.-ta__Wartilani_2_arabe_septembre_2025.TA.iso	UltraISO	f	98	98	none	/guide en arabe/regime indemnitaire/indemnite et prime	circulaire 001 du 08 mars 2003 relative aux modalites de paiement des AF et prime de scolarite.pdf
wartilani-2-arabe-septembre-2025.-ta__Wartilani_2_arabe_septembre_2025.TA.iso	UltraISO	f	86	88	none	/guide en arabe/regime indemnitaire/indemnite et prime/_vti_cnf	Relatif aux tâches d'enseignement et de formation à titre d'occupation accessoire..pdf
wartilani-2-arabe-septembre-2025.-ta__Wartilani_2_arabe_septembre_2025.TA.iso	UltraISO	f	98	98	none	/guide en arabe/regime indemnitaire/indemnite et prime/_vti_cnf	circulaire 001 du 08 mars 2003 relative aux modalites de paiement des AF et prime de scolarite.pdf
wartilani-2-arabe-septembre-2025.-ta__Wartilani_2_arabe_septembre_2025.TA.iso	UltraISO	f	91	91	none	/guide en arabe/regime indemnitaire/indemnite et prime/_vti_cnf	ministere des finances indemnite de documentation pour les formateurs postes superieurs.pdf
wartilani-2-arabe-septembre-2025.-ta__Wartilani_2_arabe_septembre_2025.TA.iso	UltraISO	f	89	90	none	/guide en arabe/regime indemnitaire/formation production	decret executif 98-412 du 07 decembre 1998 fixant relative à la  formation production.pdf
wartilani-2-arabe-septembre-2025.-ta__Wartilani_2_arabe_septembre_2025.TA.iso	UltraISO	f	89	90	none	/guide en arabe/regime indemnitaire/formation production/_vti_cnf	decret executif 98-412 du 07 decembre 1998 fixant relative à la  formation production.pdf
wartilani-2-arabe-septembre-2025.-ta__Wartilani_2_arabe_septembre_2025.TA.iso	UltraISO	f	96	97	none	/guide en arabe/regime indemnitaire/comptabilite matiere	arrette ministere de l'economie du 04 fevrier 1992 relatif à l'identification des immeubles .pdf
wartilani-2-arabe-septembre-2025.-ta__Wartilani_2_arabe_septembre_2025.TA.iso	UltraISO	f	93	93	none	/guide en arabe/regime indemnitaire/comptabilite matiere	circulaire 4335 du 12 mai 1982 relative a la gestion du patrimoine mobilier et immobilier.pdf
wartilani-2-arabe-septembre-2025.-ta__Wartilani_2_arabe_septembre_2025.TA.iso	UltraISO	f	96	97	none	/guide en arabe/regime indemnitaire/comptabilite matiere/_vti_cnf	arrette ministere de l'economie du 04 fevrier 1992 relatif à l'identification des immeubles .pdf
wartilani-2-arabe-septembre-2025.-ta__Wartilani_2_arabe_septembre_2025.TA.iso	UltraISO	f	93	93	none	/guide en arabe/regime indemnitaire/comptabilite matiere/_vti_cnf	circulaire 4335 du 12 mai 1982 relative a la gestion du patrimoine mobilier et immobilier.pdf
wartilani-2-arabe-septembre-2025.-ta__Wartilani_2_arabe_septembre_2025.TA.iso	UltraISO	f	100	101	none	/guide en arabe/regime indemnitaire/comptabilite matiere/_vti_cnf	decret presidentiel 04-405 du 11 decembre 2004 fixant réglementation relative au sceau de l'etat.pdf
wartilani-2-arabe-septembre-2025.-ta__Wartilani_2_arabe_septembre_2025.TA.iso	UltraISO	f	98	98	none	/guide en arabe/regime indemnitaire/bourses et présalaires	decret 90-170 du 2 juin 1990 fixant les conditions d'attribution des bourses et leurs montants.pdf
wartilani-2-arabe-septembre-2025.-ta__Wartilani_2_arabe_septembre_2025.TA.iso	UltraISO	f	93	94	none	/guide en arabe/regime indemnitaire/bourses et présalaires	decret executif 08-117 du 09 avril 2008 complétant le decret 90-170 portant sur la bourse.pdf
wartilani-2-arabe-septembre-2025.-ta__Wartilani_2_arabe_septembre_2025.TA.iso	UltraISO	f	101	102	none	/guide en arabe/regime indemnitaire/bourses et présalaires/_vti_cnf	arrette interministeriel 316 du 16 decembre 1991 fixant la liste des spécialites ayant droit a  l.pdf
wartilani-2-arabe-septembre-2025.-ta__Wartilani_2_arabe_septembre_2025.TA.iso	UltraISO	f	98	98	none	/guide en arabe/regime indemnitaire/bourses et présalaires/_vti_cnf	decret 90-170 du 2 juin 1990 fixant les conditions d'attribution des bourses et leurs montants.pdf
wartilani-2-arabe-septembre-2025.-ta__Wartilani_2_arabe_septembre_2025.TA.iso	UltraISO	f	93	94	none	/guide en arabe/regime indemnitaire/bourses et présalaires/_vti_cnf	decret executif 08-117 du 09 avril 2008 complétant le decret 90-170 portant sur la bourse.pdf
wartilani-2-arabe-septembre-2025.-ta__Wartilani_2_arabe_septembre_2025.TA.iso	UltraISO	f	101	101	none	/guide en arabe/regime indemnitaire/autres/_vti_cnf	Decision du 1 decembre 1991 fixant les modalites d'attribution des effets d'habillement aux agent.pdf
wartilani-2-arabe-septembre-2025.-ta__Wartilani_2_arabe_septembre_2025.TA.iso	UltraISO	f	102	102	none	/guide en arabe/regime indemnitaire/autres/_vti_cnf	Decision du 1 decembre 1991 fixant les modalites d'attribution des effets d'habillement aux agents.pdf
wartilani-2-arabe-septembre-2025.-ta__Wartilani_2_arabe_septembre_2025.TA.iso	UltraISO	f	101	102	none	/guide en arabe/regime indemnitaire/autres/_vti_cnf	arrette interministeriel du 17 mai 1989 fixant la liste des fonctions et emplois ouvrant droit à .pdf
wartilani-2-arabe-septembre-2025.-ta__Wartilani_2_arabe_septembre_2025.TA.iso	UltraISO	f	101	101	none	/guide en arabe/regime indemnitaire/COMPTABIMITE PUBLIQUE	circulaire minesterielle n 99 du 30 decembre 1991 concernant l'etablissement du compte administra.pdf
wartilani-2-arabe-septembre-2025.-ta__Wartilani_2_arabe_septembre_2025.TA.iso	UltraISO	f	104	104	none	/guide en arabe/regime indemnitaire/COMPTABIMITE PUBLIQUE	circulaire minesterielle n 99 du 30 decembre 1991 concernant l'etablissement du compte administratif.pdf
wartilani-2-arabe-septembre-2025.-ta__Wartilani_2_arabe_septembre_2025.TA.iso	UltraISO	f	101	101	none	/guide en arabe/regime indemnitaire/COMPTABIMITE PUBLIQUE	decision ministerielle 16 du 29 decembre 1983 fixant la liste des documents registres et formulai.pdf
wartilani-2-arabe-septembre-2025.-ta__Wartilani_2_arabe_septembre_2025.TA.iso	UltraISO	f	89	90	none	/guide en arabe/regime indemnitaire/COMPTABIMITE PUBLIQUE	decret executif 98-412 du 07 decembre 1998 fixant relative à la  formation production.pdf
wartilani-2-arabe-septembre-2025.-ta__Wartilani_2_arabe_septembre_2025.TA.iso	UltraISO	f	101	101	none	/guide en arabe/regime indemnitaire/COMPTABIMITE PUBLIQUE	decrets executifs 91-311 au 314 traitant la comptabilite publique les comptables et les ordonnate.pdf
wartilani-2-arabe-septembre-2025.-ta__Wartilani_2_arabe_septembre_2025.TA.iso	UltraISO	f	104	104	none	/guide en arabe/regime indemnitaire/COMPTABIMITE PUBLIQUE	decrets executifs 91-311 au 314 traitant la comptabilite publique les comptables et les ordonnateurs.pdf
wartilani-2-arabe-septembre-2025.-ta__Wartilani_2_arabe_septembre_2025.TA.iso	UltraISO	f	101	101	none	/guide en arabe/regime indemnitaire/COMPTABIMITE PUBLIQUE/_vti_cnf	instruction 10 du 09 mai 1995 modalites d'etablissement des etats matrices initiaux et complement.pdf
wartilani-2-arabe-septembre-2025.-ta__Wartilani_2_arabe_septembre_2025.TA.iso	UltraISO	f	106	106	none	/guide en arabe/regime indemnitaire/COMPTABIMITE PUBLIQUE/_vti_cnf	instruction 10 du 09 mai 1995 modalites d'etablissement des etats matrices initiaux et complementaires.pdf
wartilani-2-arabe-septembre-2025.-ta__Wartilani_2_arabe_septembre_2025.TA.iso	UltraISO	f	99	101	none	/guide en arabe/G. R.H/retraite/_vti_cnf	ordonnance 96-18 du 6 juillet 1996 complétant et modifiant la loi 83-12  relative à la retraite.pdf
wartilani-2-arabe-septembre-2025.-ta__Wartilani_2_arabe_septembre_2025.TA.iso	UltraISO	f	101	102	none	/guide en arabe/G. R.H/formation et recyclages des agents/_vti_cnf	arrette interministriel du 6 septembre 2006 fixant les formations specialisées pour certains corp.pdf
wartilani-2-arabe-septembre-2025.-ta__Wartilani_2_arabe_septembre_2025.TA.iso	UltraISO	f	101	103	none	/guide en arabe/G. R.H/formation et recyclages des agents/_vti_cnf	decret executif 04-17 complétant et modifiant le decret 96-92 relatif à la formation des agents e.pdf
wartilani-2-arabe-septembre-2025.-ta__Wartilani_2_arabe_septembre_2025.TA.iso	UltraISO	f	88	88	none	/guide en arabe/G. R.H/ensemble de textes concernant la securite sociale/_vti_cnf	arrette interministeriel du 5 mai 1996 fixant la liste des maladies professionnelles.pdf
wartilani-2-arabe-septembre-2025.-ta__Wartilani_2_arabe_septembre_2025.TA.iso	UltraISO	f	87	89	none	/guide en arabe/G. R.H/ensemble de textes concernant la securite sociale/_vti_cnf	loi 08-01 du 23 janvier 2008 complétant la loi 83-11 relative à la securite sociale.pdf
wartilani-2-arabe-septembre-2025.-ta__Wartilani_2_arabe_septembre_2025.TA.iso	UltraISO	f	93	93	none	/guide en arabe/G. R.H/dossier recrutement	au sujet de participations des agents permanents ou vacataires dans des concours externes.pdf
wartilani-2-arabe-septembre-2025.-ta__Wartilani_2_arabe_septembre_2025.TA.iso	UltraISO	f	87	87	none	/guide en arabe/G. R.H/dossier recrutement	dgfp 20 octobre 2004 suivi de l'organisation des concours et examens professionnels.pdf
wartilani-2-arabe-septembre-2025.-ta__Wartilani_2_arabe_septembre_2025.TA.iso	UltraISO	f	96	96	none	/guide en arabe/G. R.H/dossier recrutement	dgfp 29 avril 2006 concernant le recour des candidats aux examens et concours professionnels.pdf
wartilani-2-arabe-septembre-2025.-ta__Wartilani_2_arabe_septembre_2025.TA.iso	UltraISO	f	89	156	none	/guide en arabe/G. R.H/dossier recrutement	الإختصار على معيار تطابق الشهادة دون المسار في حالة وجود مترشحين لهم شهادة نمط حر-792.pdf
wartilani-2-arabe-septembre-2025.-ta__Wartilani_2_arabe_septembre_2025.TA.iso	UltraISO	f	101	101	none	/guide en arabe/G. R.H/dossier recrutement/_vti_cnf	arrette interministeriel du 20 aout 2000 fixant montant participation des candidats aux concours .pdf
wartilani-2-arabe-septembre-2025.-ta__Wartilani_2_arabe_septembre_2025.TA.iso	UltraISO	f	110	110	none	/guide en arabe/G. R.H/dossier recrutement/_vti_cnf	arrette interministeriel du 20 aout 2000 fixant montant participation des candidats aux concours professio.pdf
wartilani-2-arabe-septembre-2025.-ta__Wartilani_2_arabe_septembre_2025.TA.iso	UltraISO	f	93	93	none	/guide en arabe/G. R.H/dossier recrutement/_vti_cnf	au sujet de participations des agents permanents ou vacataires dans des concours externes.pdf
wartilani-2-arabe-septembre-2025.-ta__Wartilani_2_arabe_septembre_2025.TA.iso	UltraISO	f	87	87	none	/guide en arabe/G. R.H/dossier recrutement/_vti_cnf	dgfp 20 octobre 2004 suivi de l'organisation des concours et examens professionnels.pdf
wartilani-2-arabe-septembre-2025.-ta__Wartilani_2_arabe_septembre_2025.TA.iso	UltraISO	f	96	96	none	/guide en arabe/G. R.H/dossier recrutement/_vti_cnf	dgfp 29 avril 2006 concernant le recour des candidats aux examens et concours professionnels.pdf
wartilani-2-arabe-septembre-2025.-ta__Wartilani_2_arabe_septembre_2025.TA.iso	UltraISO	f	89	89	none	/guide en arabe/G. R.H/commissions paritaires/_vti_cnf	decret 84-10 du 14 janvier 1984 creation et organisation des  commissions paritaires .pdf
wartilani-2-arabe-septembre-2025.-ta__Wartilani_2_arabe_septembre_2025.TA.iso	UltraISO	f	101	101	none	/guide en arabe/G. R.H/commissions paritaires/_vti_cnf	decret 84-11 du 14 janvier 1984 fixant procedure de nomination des representants des travailleurs.pdf
wartilani-2-arabe-septembre-2025.-ta__Wartilani_2_arabe_septembre_2025.TA.iso	UltraISO	f	101	102	none	/guide en arabe/G. R.H/commissions paritaires/_vti_cnf	instruction 20 du 26 juin 1984 relative à l'organisation et au fonctionnement des commissions par.pdf
wartilani-2-arabe-septembre-2025.-ta__Wartilani_2_arabe_septembre_2025.TA.iso	UltraISO	f	110	112	none	/guide en arabe/G. R.H/chomage/_vti_cnf	decret legistlatif 94-11 assurance chomage aux profit des employés ayant perdus leur travail pour cause écon.p
wartilani-2-arabe-septembre-2025.-ta__Wartilani_2_arabe_septembre_2025.TA.iso	UltraISO	f	101	102	none	/guide en arabe/G. R.H/chomage/_vti_cnf	decret legistlatif 94-11 assurance chomage aux profit des employés ayant perdus leur travail pour.pdf
wartilani-2-arabe-septembre-2025.-ta__Wartilani_2_arabe_septembre_2025.TA.iso	UltraISO	f	88	88	none	/guide en arabe/G. R.H/autres/_vti_cnf	DGFP 01 juin 2008 procedures classification des vacataires de IAM du 22 fevrier 1993.pdf
wartilani-2-arabe-septembre-2025.-ta__Wartilani_2_arabe_septembre_2025.TA.iso	UltraISO	f	101	101	none	/guide en arabe/G. R.H/autres/_vti_cnf	decision ministerielle 153 du 01 mars 1992 portant modalites d'evaluation et notation des personn.pdf
wartilani-2-arabe-septembre-2025.-ta__Wartilani_2_arabe_septembre_2025.TA.iso	UltraISO	f	101	101	none	/guide en arabe/G. R.H/Postes budgetaires/_vti_cnf	ARRETTE INTERMINISTRIEL 1273 DU 30 DECEMBRE 1995 RELATIVE A LA CREATION TRANSFORMATION RENOUVELLE.pdf
wartilani-2-arabe-septembre-2025.-ta__Wartilani_2_arabe_septembre_2025.TA.iso	UltraISO	f	97	97	none	/guide en arabe/G. R.H/Oeuvres sociales/_vti_cnf	decret 82-179 du 15 mai 1982 fixant le continu et le mode de financement des oeuvres sociales.pdf
wartilani-2-arabe-septembre-2025.-ta__Wartilani_2_arabe_septembre_2025.TA.iso	UltraISO	f	93	93	none	/guide en arabe/G. R.H/Oeuvres sociales/_vti_cnf	decret executif 94-186 du 6 juillet 1994 completant le decret 82-179 des oeuvres sociales.pdf
wartilani-2-arabe-septembre-2025.-ta__Wartilani_2_arabe_septembre_2025.TA.iso	UltraISO	f	98	182	none	/guide en arabe/G. R.H/IEP	الخبرة المهنية في إطاراشبكة،تشغيل الشباب،العمل المأجور المؤقت،تعويض الانشطة ذات المنفعة العامة.pdf
wartilani-2-arabe-septembre-2025.-ta__Wartilani_2_arabe_septembre_2025.TA.iso	UltraISO	f	97	98	none	/guide en arabe/G. R.H/IEP/_vti_cnf	circulaire 2 du 13 mars 1989 fixant les modalites d'application du decret 85-58 relatif à IEP.pdf
wartilani-2-arabe-septembre-2025.-ta__Wartilani_2_arabe_septembre_2025.TA.iso	UltraISO	f	98	182	none	/guide en arabe/G. R.H/IEP/_vti_cnf	الخبرة المهنية في إطاراشبكة،تشغيل الشباب،العمل المأجور المؤقت،تعويض الانشطة ذات المنفعة العامة.pdf
wartilani-2-arabe-septembre-2025.-ta__Wartilani_2_arabe_septembre_2025.TA.iso	UltraISO	f	90	90	none	/guide en arabe/G. R.H/Decision des listes d'aptitudes/_vti_cnf	Decision 199 du 12 avril 1999 modifiant et completant liste d'aptitude des inspecteurs.pdf
wartilani-2-arabe-septembre-2025.-ta__Wartilani_2_arabe_septembre_2025.TA.iso	UltraISO	f	101	101	none	/guide en arabe/G. R.H/Decision des listes d'aptitudes/_vti_cnf	decision 230 du 19 mai 1991 fixant les modalites d'inscription sur la liste d'aptitude pour l'acc.pdf
wartilani-2-arabe-septembre-2025.-ta__Wartilani_2_arabe_septembre_2025.TA.iso	UltraISO	f	101	101	none	/guide en arabe/G. R.H/Decision des listes d'aptitudes/_vti_cnf	decision 231du 19 mai 1991 fixant les modalites d'inscription sur la liste d'aptitude au poste  P.pdf
wartilani-2-arabe-septembre-2025.-ta__Wartilani_2_arabe_septembre_2025.TA.iso	UltraISO	f	107	107	none	/guide en arabe/G. R.H/Decision des listes d'aptitudes/_vti_cnf	decision 231du 19 mai 1991 fixant les modalites d'inscription sur la liste d'aptitude au poste  PSEP 1 .pdf
wartilani-2-arabe-septembre-2025.-ta__Wartilani_2_arabe_septembre_2025.TA.iso	UltraISO	f	101	101	none	/guide en arabe/G. R.H/Decision des listes d'aptitudes/_vti_cnf	decision 232 du 19 mai 1991 fixant les modalites d'inscription sur la liste d'aptitude pour l'acc.pdf
wartilani-2-arabe-septembre-2025.-ta__Wartilani_2_arabe_septembre_2025.TA.iso	UltraISO	f	101	101	none	/guide en arabe/G. R.H/Decision des listes d'aptitudes/_vti_cnf	decision 233du 19 mai 1991 fixant les modalites d'inscription sur la liste d'aptitude au poste su.pdf
wartilani-2-arabe-septembre-2025.-ta__Wartilani_2_arabe_septembre_2025.TA.iso	UltraISO	f	101	101	none	/guide en arabe/G. R.H/Decision des listes d'aptitudes/_vti_cnf	decision 234du 19 mai 1991 fixant les modalites d'inscription sur la liste d'aptitude pour l'acce.pdf
wartilani-2-arabe-septembre-2025.-ta__Wartilani_2_arabe_septembre_2025.TA.iso	UltraISO	f	101	101	none	/guide en arabe/G. R.H/Decision des listes d'aptitudes/_vti_cnf	decision 235 du 19 mai 1991 fixant les modalites d'inscription sur la liste d'aptitude au poste s.pdf
wartilani-2-arabe-septembre-2025.-ta__Wartilani_2_arabe_septembre_2025.TA.iso	UltraISO	f	101	101	none	/guide en arabe/G. R.H/Decision des listes d'aptitudes/_vti_cnf	decision 236 du 19 mai 1991 fixant les modalites d'inscription sur la liste d'aptitude pour l'acc.pdf
wartilani-2-arabe-septembre-2025.-ta__Wartilani_2_arabe_septembre_2025.TA.iso	UltraISO	f	101	101	none	/guide en arabe/G. R.H/Decision des listes d'aptitudes/_vti_cnf	decision 248 du 27 mai 1991 fixant les modalites d'inscription sur la liste d'aptitude pour l'acc.pdf
wartilani-2-arabe-septembre-2025.-ta__Wartilani_2_arabe_septembre_2025.TA.iso	UltraISO	f	101	101	none	/guide en arabe/G. R.H/Decision des listes d'aptitudes/_vti_cnf	decision 249 du 27 mai 1991 fixant les modalites d'inscription sur la liste d'aptitude pour l'acc.pdf
wartilani-2-arabe-septembre-2025.-ta__Wartilani_2_arabe_septembre_2025.TA.iso	UltraISO	f	101	101	none	/guide en arabe/G. R.H/Decision des listes d'aptitudes/_vti_cnf	decision 250 du 27 mai 1991 fixant les modalites d'inscription sur la liste d'aptitude pour l'acc.pdf
wartilani-2-arabe-septembre-2025.-ta__Wartilani_2_arabe_septembre_2025.TA.iso	UltraISO	f	86	88	none	/guide en arabe/G. R.H/Decision des listes d'aptitudes/_vti_cnf	modalites d'etablissement des listes d'aptitudes pour l'accés à un poste superieur.pdf
wartilani-2-arabe-septembre-2025.-ta__Wartilani_2_arabe_septembre_2025.TA.iso	UltraISO	f	97	179	none	/MAJ 2025/souaker new	الوَجيز في شَرح القانُون الأساسي الخَاص بالموظفين المُنتمين للأسلاك الخَاصة بالتربية الوَطنية.pdf
wartilani-2-arabe-septembre-2025.-ta__Wartilani_2_arabe_septembre_2025.TA.iso	UltraISO	f	97	179	none	/MAJ 2025/souaker new/_vti_cnf	الوَجيز في شَرح القانُون الأساسي الخَاص بالموظفين المُنتمين للأسلاك الخَاصة بالتربية الوَطنية.pdf
wartilani-2-arabe-septembre-2025.-ta__Wartilani_2_arabe_septembre_2025.TA.iso	UltraISO	f	91	161	none	/MAJ 2025/recrutements	مراسلة-2025-مدونة المناصب المالية مصادق عليها+ مقرر التوزيع لا يخضع للمراقب الميزانياتي.pdf
wartilani-2-arabe-septembre-2025.-ta__Wartilani_2_arabe_septembre_2025.TA.iso	UltraISO	f	105	105	none	/MAJ 2025/impots	COMMUNIQUE GENERAL SUR LES PRINCIPALES MESURES FISCALES DE LA LOI DE FINANCE POUR 2025_ver Officielle.pdf
wartilani-2-arabe-septembre-2025.-ta__Wartilani_2_arabe_septembre_2025.TA.iso	UltraISO	f	105	105	none	/MAJ 2025/impots/_vti_cnf	COMMUNIQUE GENERAL SUR LES PRINCIPALES MESURES FISCALES DE LA LOI DE FINANCE POUR 2025_ver Officielle.pdf
wartilani-2-arabe-septembre-2025.-ta__Wartilani_2_arabe_septembre_2025.TA.iso	UltraISO	f	94	160	none	/MAJ 2025/Patrimoine	تعليمة رقم 744 مؤرخة في 18 جويلية 2023 مسك و تحيين سجلات الأملاك العقارية للجماعات المحلية.pdf
wartilani-2-arabe-septembre-2025.-ta__Wartilani_2_arabe_septembre_2025.TA.iso	UltraISO	f	94	160	none	/MAJ 2025/Patrimoine/_vti_cnf	تعليمة رقم 744 مؤرخة في 18 جويلية 2023 مسك و تحيين سجلات الأملاك العقارية للجماعات المحلية.pdf
wartilani-2-arabe-septembre-2025.-ta__Wartilani_2_arabe_septembre_2025.TA.iso	UltraISO	f	110	112	none	/MAJ 2024/taxe sur formation	Arreté interministeriel  du 21-12-2022 fixant les modalités d'application de la taxe professionnelle continu.p
wartilani-2-arabe-septembre-2025.-ta__Wartilani_2_arabe_septembre_2025.TA.iso	UltraISO	f	110	112	none	/MAJ 2024/taxe sur formation	Arreté interministeriel  du 21-12-2022 fixant les modalités d'application de la taxe professionnelle continu.p
wartilani-2-arabe-septembre-2025.-ta__Wartilani_2_arabe_septembre_2025.TA.iso	UltraISO	f	110	112	none	/MAJ 2024/taxe sur formation/_vti_cnf	Arreté interministeriel  du 21-12-2022 fixant les modalités d'application de la taxe professionnelle continu.p
wartilani-2-arabe-septembre-2025.-ta__Wartilani_2_arabe_septembre_2025.TA.iso	UltraISO	f	100	180	none	/MAJ 2024/souaker new	المقال رقم 07 القرارات الإدارية بإعتبارها أحد اعمال الإدارة العامة في مجال تسيير الموارد البشرية.pdf
wartilani-2-arabe-septembre-2025.-ta__Wartilani_2_arabe_septembre_2025.TA.iso	UltraISO	f	90	160	none	/MAJ 2024/souaker new/مطويات سواكر	المطوية رقم 14 ما يجب أن نعرفه حول السلطة العليا للشفافية والوقاية من الفساد ومُكافحته.pdf
wartilani-2-arabe-septembre-2025.-ta__Wartilani_2_arabe_septembre_2025.TA.iso	UltraISO	f	90	160	none	/MAJ 2024/souaker new/مطويات سواكر/_vti_cnf	المطوية رقم 14 ما يجب أن نعرفه حول السلطة العليا للشفافية والوقاية من الفساد ومُكافحته.pdf
wartilani-2-arabe-septembre-2025.-ta__Wartilani_2_arabe_septembre_2025.TA.iso	UltraISO	f	100	180	none	/MAJ 2024/souaker new/_vti_cnf	المقال رقم 07 القرارات الإدارية بإعتبارها أحد اعمال الإدارة العامة في مجال تسيير الموارد البشرية.pdf
wartilani-2-arabe-septembre-2025.-ta__Wartilani_2_arabe_septembre_2025.TA.iso	UltraISO	f	86	152	none	/MAJ 2024/souaker new/SOUAKER 2	المطوية رقم 29 ماَ يجبُ أن نعرفهُ حول توظيف خريجي المدارس الخاصة للتكوين شبه الطبي.pdf
wartilani-2-arabe-septembre-2025.-ta__Wartilani_2_arabe_septembre_2025.TA.iso	UltraISO	f	101	176	General punctuation	/MAJ 2024/souaker new/SOUAKER 2	المطوية رقم 33 أهم الإمتيازات الخاصة التي تُمنح للمُستخدمين في إطار المرسوم التنفيذي رقم 95 – 330.pdf
wartilani-2-arabe-septembre-2025.-ta__Wartilani_2_arabe_septembre_2025.TA.iso	UltraISO	f	101	176	General punctuation	/MAJ 2024/souaker new/SOUAKER 2	المطوية رقم 34 أهم الإمتيازات الخاصة التي تُمنح للمُستخدمين في إطار المرسوم التنفيذي رقم 95 – 300.pdf
wartilani-2-arabe-septembre-2025.-ta__Wartilani_2_arabe_septembre_2025.TA.iso	UltraISO	f	100	175	General punctuation	/MAJ 2024/souaker new/SOUAKER 2	المطوية رقم 35 أهم الإمتيازات الخاصة التي تُمنح للمُستخدمين في إطار المرسوم التنفيذي رقم 95 – 28.pdf
wartilani-2-arabe-septembre-2025.-ta__Wartilani_2_arabe_septembre_2025.TA.iso	UltraISO	f	110	202	none	/MAJ 2024/souaker new/SOUAKER 2	المطوية رقم 37 مَا يجبُ أن نعرفهُ حول مجالس إدارة المؤسسات العمومية الإستشفائية والمؤسسات العمومية للصحة الجوا
wartilani-2-arabe-septembre-2025.-ta__Wartilani_2_arabe_septembre_2025.TA.iso	UltraISO	f	88	157	none	/MAJ 2024/souaker new/SOUAKER 2	المطوية رقم 38 مَا يجبُ أن نعرفهُ حول الترقية الإستثنائية الخاصة ببعض أسلاك الموظفين.pdf
wartilani-2-arabe-septembre-2025.-ta__Wartilani_2_arabe_septembre_2025.TA.iso	UltraISO	f	101	169	none	/MAJ 2024/souaker new/SOUAKER 2	المطوية رقم 39 ماَ يجبُ أن نعرفهُ حَول الترقية في إطار المادة 25 من المرسوم التنفيذي رقم 90 - 226.pdf
wartilani-2-arabe-septembre-2025.-ta__Wartilani_2_arabe_septembre_2025.TA.iso	UltraISO	f	98	174	none	/MAJ 2024/souaker new/SOUAKER 2	المطوية رقم 40 مَا يجبُ أن نعرفهُ حَول التَرقية بعد الوفاة الخَاصة ببَعض أَسلاك رتب  الموظَفين.pdf
wartilani-2-arabe-septembre-2025.-ta__Wartilani_2_arabe_septembre_2025.TA.iso	UltraISO	f	104	186	none	/MAJ 2024/souaker new/SOUAKER 2	المطوية رقم 42 ماَ يجبُ أن نعرفهُ حَول التَوظيف المُباشر على أَساس الشَهادة بعد مُتابعة تكوين مُتخصص.pdf
wartilani-2-arabe-septembre-2025.-ta__Wartilani_2_arabe_septembre_2025.TA.iso	UltraISO	f	92	164	none	/MAJ 2024/souaker new/SOUAKER 2	المطوية رقم 47 ماَ يجبُ أن نعرفهُ حَول الإستفادة من الإمتيازات بإعتبارها خَطأ مهني جَسيم.pdf
wartilani-2-arabe-septembre-2025.-ta__Wartilani_2_arabe_septembre_2025.TA.iso	UltraISO	f	103	187	none	/MAJ 2024/souaker new/SOUAKER 2	المطوية رقم 50 مُتابعة صدور النصوص التنظيمية المُتخذة لتطبيق القانون الأساسي العام للوظيفة العمومية.pdf
wartilani-2-arabe-septembre-2025.-ta__Wartilani_2_arabe_septembre_2025.TA.iso	UltraISO	f	90	161	none	/MAJ 2024/souaker new/SOUAKER 2	المطوية رقم 52 ماَ يجبُ أن نعرفهُ حَولَ توظيف خِريجي المَدرسة الوطنية للصحِة العَسكرية.pdf
wartilani-2-arabe-septembre-2025.-ta__Wartilani_2_arabe_septembre_2025.TA.iso	UltraISO	f	110	201	none	/MAJ 2024/souaker new/SOUAKER 2	المطوية رقم 54 ماَ يجبُ أن نعرفهُ حَول تثبيت فَترات الخدمة الوطنية والإستبقاء وإعادة الإستدعاء في إطار التعبئة
wartilani-2-arabe-septembre-2025.-ta__Wartilani_2_arabe_septembre_2025.TA.iso	UltraISO	f	110	200	none	/MAJ 2024/souaker new/SOUAKER 2	المطوية رقم 55 مَا يجبُ أن نعرفهُ حَولَ الإرسالات المقبولة للتّنقل عن طريق الإعفاء البَريدي أو الإعفاء من التَ
wartilani-2-arabe-septembre-2025.-ta__Wartilani_2_arabe_septembre_2025.TA.iso	UltraISO	f	86	152	none	/MAJ 2024/souaker new/SOUAKER 2/_vti_cnf	المطوية رقم 29 ماَ يجبُ أن نعرفهُ حول توظيف خريجي المدارس الخاصة للتكوين شبه الطبي.pdf
wartilani-2-arabe-septembre-2025.-ta__Wartilani_2_arabe_septembre_2025.TA.iso	UltraISO	f	101	176	General punctuation	/MAJ 2024/souaker new/SOUAKER 2/_vti_cnf	المطوية رقم 33 أهم الإمتيازات الخاصة التي تُمنح للمُستخدمين في إطار المرسوم التنفيذي رقم 95 – 330.pdf
wartilani-2-arabe-septembre-2025.-ta__Wartilani_2_arabe_septembre_2025.TA.iso	UltraISO	f	101	176	General punctuation	/MAJ 2024/souaker new/SOUAKER 2/_vti_cnf	المطوية رقم 34 أهم الإمتيازات الخاصة التي تُمنح للمُستخدمين في إطار المرسوم التنفيذي رقم 95 – 300.pdf
wartilani-2-arabe-septembre-2025.-ta__Wartilani_2_arabe_septembre_2025.TA.iso	UltraISO	f	100	175	General punctuation	/MAJ 2024/souaker new/SOUAKER 2/_vti_cnf	المطوية رقم 35 أهم الإمتيازات الخاصة التي تُمنح للمُستخدمين في إطار المرسوم التنفيذي رقم 95 – 28.pdf
wartilani-2-arabe-septembre-2025.-ta__Wartilani_2_arabe_septembre_2025.TA.iso	UltraISO	f	110	202	none	/MAJ 2024/souaker new/SOUAKER 2/_vti_cnf	المطوية رقم 37 مَا يجبُ أن نعرفهُ حول مجالس إدارة المؤسسات العمومية الإستشفائية والمؤسسات العمومية للصحة الجوا
wartilani-2-arabe-septembre-2025.-ta__Wartilani_2_arabe_septembre_2025.TA.iso	UltraISO	f	88	157	none	/MAJ 2024/souaker new/SOUAKER 2/_vti_cnf	المطوية رقم 38 مَا يجبُ أن نعرفهُ حول الترقية الإستثنائية الخاصة ببعض أسلاك الموظفين.pdf
wartilani-2-arabe-septembre-2025.-ta__Wartilani_2_arabe_septembre_2025.TA.iso	UltraISO	f	101	169	none	/MAJ 2024/souaker new/SOUAKER 2/_vti_cnf	المطوية رقم 39 ماَ يجبُ أن نعرفهُ حَول الترقية في إطار المادة 25 من المرسوم التنفيذي رقم 90 - 226.pdf
wartilani-2-arabe-septembre-2025.-ta__Wartilani_2_arabe_septembre_2025.TA.iso	UltraISO	f	98	174	none	/MAJ 2024/souaker new/SOUAKER 2/_vti_cnf	المطوية رقم 40 مَا يجبُ أن نعرفهُ حَول التَرقية بعد الوفاة الخَاصة ببَعض أَسلاك رتب  الموظَفين.pdf
wartilani-2-arabe-septembre-2025.-ta__Wartilani_2_arabe_septembre_2025.TA.iso	UltraISO	f	104	186	none	/MAJ 2024/souaker new/SOUAKER 2/_vti_cnf	المطوية رقم 42 ماَ يجبُ أن نعرفهُ حَول التَوظيف المُباشر على أَساس الشَهادة بعد مُتابعة تكوين مُتخصص.pdf
wartilani-2-arabe-septembre-2025.-ta__Wartilani_2_arabe_septembre_2025.TA.iso	UltraISO	f	92	164	none	/MAJ 2024/souaker new/SOUAKER 2/_vti_cnf	المطوية رقم 47 ماَ يجبُ أن نعرفهُ حَول الإستفادة من الإمتيازات بإعتبارها خَطأ مهني جَسيم.pdf
wartilani-2-arabe-septembre-2025.-ta__Wartilani_2_arabe_septembre_2025.TA.iso	UltraISO	f	103	187	none	/MAJ 2024/souaker new/SOUAKER 2/_vti_cnf	المطوية رقم 50 مُتابعة صدور النصوص التنظيمية المُتخذة لتطبيق القانون الأساسي العام للوظيفة العمومية.pdf
wartilani-2-arabe-septembre-2025.-ta__Wartilani_2_arabe_septembre_2025.TA.iso	UltraISO	f	90	161	none	/MAJ 2024/souaker new/SOUAKER 2/_vti_cnf	المطوية رقم 52 ماَ يجبُ أن نعرفهُ حَولَ توظيف خِريجي المَدرسة الوطنية للصحِة العَسكرية.pdf
wartilani-2-arabe-septembre-2025.-ta__Wartilani_2_arabe_septembre_2025.TA.iso	UltraISO	f	110	201	none	/MAJ 2024/souaker new/SOUAKER 2/_vti_cnf	المطوية رقم 54 ماَ يجبُ أن نعرفهُ حَول تثبيت فَترات الخدمة الوطنية والإستبقاء وإعادة الإستدعاء في إطار التعبئة
wartilani-2-arabe-septembre-2025.-ta__Wartilani_2_arabe_septembre_2025.TA.iso	UltraISO	f	110	200	none	/MAJ 2024/souaker new/SOUAKER 2/_vti_cnf	المطوية رقم 55 مَا يجبُ أن نعرفهُ حَولَ الإرسالات المقبولة للتّنقل عن طريق الإعفاء البَريدي أو الإعفاء من التَ
wartilani-2-arabe-septembre-2025.-ta__Wartilani_2_arabe_septembre_2025.TA.iso	UltraISO	f	90	91	none	/MAJ 2024/recrutements/interieur	programmes des concours sur épreuves examens et tests professionnels pour chaque grade.pdf
wartilani-2-arabe-septembre-2025.-ta__Wartilani_2_arabe_septembre_2025.TA.iso	UltraISO	f	88	159	none	/MAJ 2024/recrutements/interieur	تعلمية وزارية مشتركة للتوظيف المباشر و ترقية لخرجي المدرسة  الوطنية لمهندسي المدينة .pdf
wartilani-2-arabe-septembre-2025.-ta__Wartilani_2_arabe_septembre_2025.TA.iso	UltraISO	f	88	146	none	/MAJ 2024/promotion/interieur	منشور وزاري رقم 08352 المؤرخ في 19-10-2017 ترقية الاطباء البيطريين للإدارة الإقليمية.pdf
wartilani-2-arabe-septembre-2025.-ta__Wartilani_2_arabe_septembre_2025.TA.iso	UltraISO	f	93	156	none	/MAJ 2024/mutation/interieur	التعليمة الوزارية رقم 07245 المؤرخة في 24-10-2016 حركات النقل للموظفين للجماعات الإقليمية.pdf
wartilani-2-arabe-septembre-2025.-ta__Wartilani_2_arabe_septembre_2025.TA.iso	UltraISO	f	88	154	none	/MAJ 2023/souaker new	المطويتين رقم 38 و 39 ما يجبُ أن نعرفهُ حول المجلس المتساوي الأعضاء للوظيفة العمومية.pdf
wartilani-2-arabe-septembre-2025.-ta__Wartilani_2_arabe_septembre_2025.TA.iso	UltraISO	f	100	180	none	/MAJ 2023/souaker new	المقال رقم 07 القرارات الإدارية بإعتبارها أحد اعمال الإدارة العامة في مجال تسيير الموارد البشرية.pdf
wartilani-2-arabe-septembre-2025.-ta__Wartilani_2_arabe_septembre_2025.TA.iso	UltraISO	f	93	170	none	/MAJ 2023/souaker new	دليل إسترشادي يوضح شروط وكيفيات إستفادة الموظفين والأعوان المتعاقدين من عطلة لإنشاء مؤسسة.pdf
wartilani-2-arabe-septembre-2025.-ta__Wartilani_2_arabe_septembre_2025.TA.iso	UltraISO	f	96	174	none	/MAJ 2023/souaker new	دليل حول كيفيات الانتداب لممارسة عهدة نقابية والاستفادة من رخص الغياب وعطلة التكوين النقابي .pdf
wartilani-2-arabe-septembre-2025.-ta__Wartilani_2_arabe_septembre_2025.TA.iso	UltraISO	f	94	173	none	/MAJ 2023/souaker new	دليل حول كيفيات تقدير تمثيلية المنظمات النقابية ومضمون المؤشرات الإحصائية الخاصة بمنخرطيها.pdf
wartilani-2-arabe-septembre-2025.-ta__Wartilani_2_arabe_septembre_2025.TA.iso	UltraISO	f	93	169	none	/MAJ 2023/souaker new	دليل حول مهام الوسطاء في مجال تسوية النزاعات الجماعية للعمل، وكذا كيفيات تعيينهم وأتعابهم.pdf
wartilani-2-arabe-septembre-2025.-ta__Wartilani_2_arabe_septembre_2025.TA.iso	UltraISO	f	108	189	none	/MAJ 2023/souaker new	دليل مراجع النصوص التشريعية  و ت الخاص بتسيير م ب في قطاع الوظيفة العمومية موزع حسب القطاعات ديسمبر 2022.pdf
wartilani-2-arabe-septembre-2025.-ta__Wartilani_2_arabe_septembre_2025.TA.iso	UltraISO	f	101	186	none	/MAJ 2023/souaker new	دليل يحدد قائمة مؤسسات التكوين والتعليم المهنيين المُؤهلة لتنظيم عمليات التوظيف والترقية والتكوين.pdf
wartilani-2-arabe-septembre-2025.-ta__Wartilani_2_arabe_septembre_2025.TA.iso	UltraISO	f	101	186	none	/MAJ 2023/souaker new	مهام اللّجنة الوطنية واللّجنة الولائية للتحكيم في مجال النزاعات الجماعية للعمل، وتنظيمهما وسيرهما.pdf
wartilani-2-arabe-septembre-2025.-ta__Wartilani_2_arabe_septembre_2025.TA.iso	UltraISO	f	88	154	none	/MAJ 2023/souaker new/_vti_cnf	المطويتين رقم 38 و 39 ما يجبُ أن نعرفهُ حول المجلس المتساوي الأعضاء للوظيفة العمومية.pdf
wartilani-2-arabe-septembre-2025.-ta__Wartilani_2_arabe_septembre_2025.TA.iso	UltraISO	f	100	180	none	/MAJ 2023/souaker new/_vti_cnf	المقال رقم 07 القرارات الإدارية بإعتبارها أحد اعمال الإدارة العامة في مجال تسيير الموارد البشرية.pdf
wartilani-2-arabe-septembre-2025.-ta__Wartilani_2_arabe_septembre_2025.TA.iso	UltraISO	f	93	170	none	/MAJ 2023/souaker new/_vti_cnf	دليل إسترشادي يوضح شروط وكيفيات إستفادة الموظفين والأعوان المتعاقدين من عطلة لإنشاء مؤسسة.pdf
wartilani-2-arabe-septembre-2025.-ta__Wartilani_2_arabe_septembre_2025.TA.iso	UltraISO	f	96	174	none	/MAJ 2023/souaker new/_vti_cnf	دليل حول كيفيات الانتداب لممارسة عهدة نقابية والاستفادة من رخص الغياب وعطلة التكوين النقابي .pdf
wartilani-2-arabe-septembre-2025.-ta__Wartilani_2_arabe_septembre_2025.TA.iso	UltraISO	f	94	173	none	/MAJ 2023/souaker new/_vti_cnf	دليل حول كيفيات تقدير تمثيلية المنظمات النقابية ومضمون المؤشرات الإحصائية الخاصة بمنخرطيها.pdf
wartilani-2-arabe-septembre-2025.-ta__Wartilani_2_arabe_septembre_2025.TA.iso	UltraISO	f	93	169	none	/MAJ 2023/souaker new/_vti_cnf	دليل حول مهام الوسطاء في مجال تسوية النزاعات الجماعية للعمل، وكذا كيفيات تعيينهم وأتعابهم.pdf
wartilani-2-arabe-septembre-2025.-ta__Wartilani_2_arabe_septembre_2025.TA.iso	UltraISO	f	108	189	none	/MAJ 2023/souaker new/_vti_cnf	دليل مراجع النصوص التشريعية  و ت الخاص بتسيير م ب في قطاع الوظيفة العمومية موزع حسب القطاعات ديسمبر 2022.pdf
wartilani-2-arabe-septembre-2025.-ta__Wartilani_2_arabe_septembre_2025.TA.iso	UltraISO	f	101	186	none	/MAJ 2023/souaker new/_vti_cnf	دليل يحدد قائمة مؤسسات التكوين والتعليم المهنيين المُؤهلة لتنظيم عمليات التوظيف والترقية والتكوين.pdf
wartilani-2-arabe-septembre-2025.-ta__Wartilani_2_arabe_septembre_2025.TA.iso	UltraISO	f	101	186	none	/MAJ 2023/souaker new/_vti_cnf	مهام اللّجنة الوطنية واللّجنة الولائية للتحكيم في مجال النزاعات الجماعية للعمل، وتنظيمهما وسيرهما.pdf
wartilani-2-arabe-septembre-2025.-ta__Wartilani_2_arabe_septembre_2025.TA.iso	UltraISO	f	110	204	none	/MAJ 2023/souaker new/2	دليل يُحدد نماذج القرارات والمقررات الفردية المُتعلقة بتسيير الموارد البشرية في الإدارات و المؤسسات العمومية.d
wartilani-2-arabe-septembre-2025.-ta__Wartilani_2_arabe_septembre_2025.TA.iso	UltraISO	f	110	204	none	/MAJ 2023/souaker new/2	دليل يُحدد نماذج القرارات والمقررات الفردية المُتعلقة بتسيير الموارد البشرية في الإدارات و المؤسسات العمومية.p
wartilani-2-arabe-septembre-2025.-ta__Wartilani_2_arabe_septembre_2025.TA.iso	UltraISO	f	110	204	none	/MAJ 2023/souaker new/2/_vti_cnf	دليل يُحدد نماذج القرارات والمقررات الفردية المُتعلقة بتسيير الموارد البشرية في الإدارات و المؤسسات العمومية.d
wartilani-2-arabe-septembre-2025.-ta__Wartilani_2_arabe_septembre_2025.TA.iso	UltraISO	f	110	204	none	/MAJ 2023/souaker new/2/_vti_cnf	دليل يُحدد نماذج القرارات والمقررات الفردية المُتعلقة بتسيير الموارد البشرية في الإدارات و المؤسسات العمومية.p
wartilani-2-arabe-septembre-2025.-ta__Wartilani_2_arabe_septembre_2025.TA.iso	UltraISO	f	87	150	none	/MAJ 2023/recrutements	برقية-2023-اسناد-اختبارمهني-لمندوبية-الولائية-لامن-الطرق-إلى-غاية-تعديل-القرار-2008.pdf
wartilani-2-arabe-septembre-2025.-ta__Wartilani_2_arabe_septembre_2025.TA.iso	UltraISO	f	87	150	none	/MAJ 2023/recrutements/_vti_cnf	برقية-2023-اسناد-اختبارمهني-لمندوبية-الولائية-لامن-الطرق-إلى-غاية-تعديل-القرار-2008.pdf
wartilani-2-arabe-septembre-2025.-ta__Wartilani_2_arabe_septembre_2025.TA.iso	UltraISO	d	110	187	none	/MAJ 2023/marchés publics	منشور رقم 5312 مؤرخ في 10-  08 2023 -متعلق بمعالجة نفقات الاستثمار من طرف المؤسسات العمومية ذات الطابع الاداري
wartilani-2-arabe-septembre-2025.-ta__Wartilani_2_arabe_septembre_2025.TA.iso	UltraISO	f	98	100	none	/MAJ 2023/comptabilité et finances/lolf	Contenu des comptes d la classification par nature économique des charges budgétaire de l'Etat.pdf
wartilani-2-arabe-septembre-2025.-ta__Wartilani_2_arabe_septembre_2025.TA.iso	UltraISO	d	110	192	none	/MAJ 2023/comptabilité et finances/lolf	مذكرة رقم 12 مؤرخة في 13 فيفري 2023 تحدد كيفيات التسيير الانتقالي لعمليات البرامج الجارية الموقوفة بتاريخ 31 د
wartilani-2-arabe-septembre-2025.-ta__Wartilani_2_arabe_septembre_2025.TA.iso	UltraISO	f	102	177	none	/MAJ 2023/comptabilité et finances/lolf/عربي	التعليمة رقم 805 المؤرخة في 31 جانفي 2023 المحددة لكيفيات اعداد الجداول الاصلية الاولية والتكميلية.pdf
wartilani-2-arabe-septembre-2025.-ta__Wartilani_2_arabe_septembre_2025.TA.iso	UltraISO	f	91	167	none	/MAJ 2023/comptabilité et finances/lolf/عربي/منشور 1035	قائمة مجالات تدخل إعانات الدولة في إطار التنمية الاجتماعية والاقتصادية للجماعات المحلية.pdf
wartilani-2-arabe-septembre-2025.-ta__Wartilani_2_arabe_septembre_2025.TA.iso	UltraISO	f	91	167	none	/MAJ 2023/comptabilité et finances/lolf/عربي/منشور 1035/_vti_cnf	قائمة مجالات تدخل إعانات الدولة في إطار التنمية الاجتماعية والاقتصادية للجماعات المحلية.pdf
wartilani-2-arabe-septembre-2025.-ta__Wartilani_2_arabe_septembre_2025.TA.iso	UltraISO	f	102	177	none	/MAJ 2023/comptabilité et finances/lolf/عربي/_vti_cnf	التعليمة رقم 805 المؤرخة في 31 جانفي 2023 المحددة لكيفيات اعداد الجداول الاصلية الاولية والتكميلية.pdf
wartilani-2-arabe-septembre-2025.-ta__Wartilani_2_arabe_septembre_2025.TA.iso	UltraISO	f	110	200	none	/MAJ 2022/souaker new	المقال رقم 05 رقابة المشروعية المنوطة بمصالح السلطة المكلفة بالوظيفة العمومية في مجال تسيير الموارد البشرية.pd
wartilani-2-arabe-septembre-2025.-ta__Wartilani_2_arabe_septembre_2025.TA.iso	UltraISO	f	106	190	none	/MAJ 2022/souaker new	دليل مراجع النصوص التشريعية والتنظيمية الخاص بتسيير الموارد البشرية في قطاع الوظيفة العمومية جوان 2021.pdf
wartilani-2-arabe-septembre-2025.-ta__Wartilani_2_arabe_septembre_2025.TA.iso	UltraISO	f	110	200	none	/MAJ 2022/souaker new/_vti_cnf	المقال رقم 05 رقابة المشروعية المنوطة بمصالح السلطة المكلفة بالوظيفة العمومية في مجال تسيير الموارد البشرية.pd
wartilani-2-arabe-septembre-2025.-ta__Wartilani_2_arabe_septembre_2025.TA.iso	UltraISO	f	106	190	none	/MAJ 2022/souaker new/_vti_cnf	دليل مراجع النصوص التشريعية والتنظيمية الخاص بتسيير الموارد البشرية في قطاع الوظيفة العمومية جوان 2021.pdf
wartilani-2-arabe-septembre-2025.-ta__Wartilani_2_arabe_septembre_2025.TA.iso	UltraISO	f	87	151	none	/MAJ 2022/promotion	ترخيص-  2022--استثنائية-للترقية-على-اساس-الشهادة-الشباب-و-الرياضة- بشهادة الدكتوراه.pdf
wartilani-2-arabe-septembre-2025.-ta__Wartilani_2_arabe_septembre_2025.TA.iso	UltraISO	f	87	151	none	/MAJ 2022/promotion/_vti_cnf	ترخيص-  2022--استثنائية-للترقية-على-اساس-الشهادة-الشباب-و-الرياضة- بشهادة الدكتوراه.pdf
wartilani-2-arabe-septembre-2025.-ta__Wartilani_2_arabe_septembre_2025.TA.iso	UltraISO	d	91	96	General punctuation	/MAJ 2022/comptabilité et finances/LA LOLF	Document de programmation initiale des crédits et des emplois budgétaires pour l’année 2023
wartilani-2-arabe-septembre-2025.-ta__Wartilani_2_arabe_septembre_2025.TA.iso	UltraISO	d	102	106	General punctuation	/MAJ 2022/comptabilité et finances/LA LOLF	Notification de l’extrait du document de programmation initiale des crédits et des emplois budgétaires
wartilani-2-arabe-septembre-2025.-ta__Wartilani_2_arabe_septembre_2025.TA.iso	UltraISO	f	101	171	none	/MAJ 2021/promotion- examens professionnel/sante	قرار رقم 57 -08-08-2019 تشكيلة تقييم النشاط الإستشفائي و شبكات التقييم -ممارسين الطبيين المتخصصين.pdf
wartilani-2-arabe-septembre-2025.-ta__Wartilani_2_arabe_septembre_2025.TA.iso	UltraISO	f	110	186	none	/MAJ 2021/promotion- examens professionnel/sante	قرار رقم 66  15-10-  2019 يعدل القرار 57 تشكيلة تقييم النشاط الإستشفائي و شبكات التقييم -ممارسين الطبيين المتخ
wartilani-2-arabe-septembre-2025.-ta__Wartilani_2_arabe_septembre_2025.TA.iso	UltraISO	f	101	171	none	/MAJ 2021/promotion- examens professionnel/sante/_vti_cnf	قرار رقم 57 -08-08-2019 تشكيلة تقييم النشاط الإستشفائي و شبكات التقييم -ممارسين الطبيين المتخصصين.pdf
wartilani-2-arabe-septembre-2025.-ta__Wartilani_2_arabe_septembre_2025.TA.iso	UltraISO	f	110	186	none	/MAJ 2021/promotion- examens professionnel/sante/_vti_cnf	قرار رقم 66  15-10-  2019 يعدل القرار 57 تشكيلة تقييم النشاط الإستشفائي و شبكات التقييم -ممارسين الطبيين المتخ
wartilani-2-arabe-septembre-2025.-ta__Wartilani_2_arabe_septembre_2025.TA.iso	UltraISO	f	99	175	none	/MAJ 2021/integration	مراسلة-2021-الموافقة-الإستثنائية-على-ادماج-حاملي-شهادة-تقني-كل-التخصصات-في-رتبة-عون-ادارة-رئيسي.pdf
wartilani-2-arabe-septembre-2025.-ta__Wartilani_2_arabe_septembre_2025.TA.iso	UltraISO	f	110	196	none	/MAJ 2021/integration	مراسلة-2021-م-ع-و-م-إلى-وزير-العمل-حول-عملية-إدماج-المستفيدين-من-جهازي-المساعدة-على-الإدماج-المهني-وإقتراح-الإ
wartilani-2-arabe-septembre-2025.-ta__Wartilani_2_arabe_septembre_2025.TA.iso	UltraISO	f	99	175	none	/MAJ 2021/integration/_vti_cnf	مراسلة-2021-الموافقة-الإستثنائية-على-ادماج-حاملي-شهادة-تقني-كل-التخصصات-في-رتبة-عون-ادارة-رئيسي.pdf
wartilani-2-arabe-septembre-2025.-ta__Wartilani_2_arabe_septembre_2025.TA.iso	UltraISO	f	110	196	none	/MAJ 2021/integration/_vti_cnf	مراسلة-2021-م-ع-و-م-إلى-وزير-العمل-حول-عملية-إدماج-المستفيدين-من-جهازي-المساعدة-على-الإدماج-المهني-وإقتراح-الإ
wartilani-2-arabe-septembre-2025.-ta__Wartilani_2_arabe_septembre_2025.TA.iso	UltraISO	f	92	166	none	/MAJ 2021/guides et manuels/souaker/مطويات سنة 2019	المطوية رقم 04 كيفيات الاعداد والمصادقة على المخططات غير الممركزة للتكوين وتحسين المستوى.pdf
wartilani-2-arabe-septembre-2025.-ta__Wartilani_2_arabe_septembre_2025.TA.iso	UltraISO	f	101	181	none	/MAJ 2021/guides et manuels/souaker/مطويات سنة 2019	المطوية رقم 05 كيفيات الإعداد والمصادقة على الجزء الثالث من المخطط السنوي لتسيير الموارد البشرية .pdf
wartilani-2-arabe-septembre-2025.-ta__Wartilani_2_arabe_septembre_2025.TA.iso	UltraISO	f	87	157	none	/MAJ 2021/guides et manuels/souaker/مطويات سنة 2019	المطوية رقم 15 العلاقات الوظيفية بين مسيري الموارد البشرية ومفتشية الوظيفة العمومية.pdf
wartilani-2-arabe-septembre-2025.-ta__Wartilani_2_arabe_septembre_2025.TA.iso	UltraISO	f	88	155	none	/MAJ 2021/guides et manuels/souaker/مطويات سنة 2019	المطوية رقم 22 الترقية في الرتبة على سبيل الاختيار  عن طريق التسجيل في قائمة التأهيل.pdf
wartilani-2-arabe-septembre-2025.-ta__Wartilani_2_arabe_septembre_2025.TA.iso	UltraISO	f	108	194	none	/MAJ 2021/guides et manuels/souaker/مطويات سنة 2019	المطوية رقم 24 ما يجب على الموظف معرفته عن هيئات الرقابة مفتشية الوظيفة العمومية ومصالح المراقبة المالية.pdf
wartilani-2-arabe-septembre-2025.-ta__Wartilani_2_arabe_septembre_2025.TA.iso	UltraISO	f	108	195	none	/MAJ 2021/guides et manuels/souaker/مطويات سنة 2019	المطوية رقم 25 إدماج المستفيدين من جهازي المساعدة على الادماج المهني والادماج الاجتماعي لحاملي الشهادات_.pdf
wartilani-2-arabe-septembre-2025.-ta__Wartilani_2_arabe_septembre_2025.TA.iso	UltraISO	f	92	166	none	/MAJ 2021/guides et manuels/souaker/مطويات سنة 2019/_vti_cnf	المطوية رقم 04 كيفيات الاعداد والمصادقة على المخططات غير الممركزة للتكوين وتحسين المستوى.pdf
wartilani-2-arabe-septembre-2025.-ta__Wartilani_2_arabe_septembre_2025.TA.iso	UltraISO	f	101	181	none	/MAJ 2021/guides et manuels/souaker/مطويات سنة 2019/_vti_cnf	المطوية رقم 05 كيفيات الإعداد والمصادقة على الجزء الثالث من المخطط السنوي لتسيير الموارد البشرية .pdf
wartilani-2-arabe-septembre-2025.-ta__Wartilani_2_arabe_septembre_2025.TA.iso	UltraISO	f	87	157	none	/MAJ 2021/guides et manuels/souaker/مطويات سنة 2019/_vti_cnf	المطوية رقم 15 العلاقات الوظيفية بين مسيري الموارد البشرية ومفتشية الوظيفة العمومية.pdf
wartilani-2-arabe-septembre-2025.-ta__Wartilani_2_arabe_septembre_2025.TA.iso	UltraISO	f	88	155	none	/MAJ 2021/guides et manuels/souaker/مطويات سنة 2019/_vti_cnf	المطوية رقم 22 الترقية في الرتبة على سبيل الاختيار  عن طريق التسجيل في قائمة التأهيل.pdf
wartilani-2-arabe-septembre-2025.-ta__Wartilani_2_arabe_septembre_2025.TA.iso	UltraISO	f	108	194	none	/MAJ 2021/guides et manuels/souaker/مطويات سنة 2019/_vti_cnf	المطوية رقم 24 ما يجب على الموظف معرفته عن هيئات الرقابة مفتشية الوظيفة العمومية ومصالح المراقبة المالية.pdf
wartilani-2-arabe-septembre-2025.-ta__Wartilani_2_arabe_septembre_2025.TA.iso	UltraISO	f	108	195	none	/MAJ 2021/guides et manuels/souaker/مطويات سنة 2019/_vti_cnf	المطوية رقم 25 إدماج المستفيدين من جهازي المساعدة على الادماج المهني والادماج الاجتماعي لحاملي الشهادات_.pdf
wartilani-2-arabe-septembre-2025.-ta__Wartilani_2_arabe_septembre_2025.TA.iso	UltraISO	f	96	176	none	/MAJ 2021/guides et manuels/souaker/manuels et guides souaker	دليل مراجع النصوص التشريعية والتنظيمية الخاص بمسيري الموارد البشرية في قطاع الوظيفة العمومية.pdf
wartilani-2-arabe-septembre-2025.-ta__Wartilani_2_arabe_septembre_2025.TA.iso	UltraISO	f	96	176	none	/MAJ 2021/guides et manuels/souaker/manuels et guides souaker/_vti_cnf	دليل مراجع النصوص التشريعية والتنظيمية الخاص بمسيري الموارد البشرية في قطاع الوظيفة العمومية.pdf
wartilani-2-arabe-septembre-2025.-ta__Wartilani_2_arabe_septembre_2025.TA.iso	UltraISO	f	93	166	none	/MAJ 2021/guides et manuels/souaker/2020منشورات	المطورية رقم 02 دليل التحرير الاداري لمسيري الموارد البشرية _ وثائق السرد والوصف والتحليل.pdf
wartilani-2-arabe-septembre-2025.-ta__Wartilani_2_arabe_septembre_2025.TA.iso	UltraISO	f	109	197	none	/MAJ 2021/guides et manuels/souaker/2020منشورات	المطوية رقم 01 الاجراءات العملية لتجسيد عملية ادماج الاعوان المستفيدين من جهازي الإدماج المهني و الاجتماع.pdf
wartilani-2-arabe-septembre-2025.-ta__Wartilani_2_arabe_septembre_2025.TA.iso	UltraISO	f	103	187	none	/MAJ 2021/guides et manuels/souaker/2020منشورات	المطوية رقم 03 توظيف الاشخاص المعوقين في المؤسسات والادارات العمومية التابعة لقطاع الوظيفة العمومية.pdf
wartilani-2-arabe-septembre-2025.-ta__Wartilani_2_arabe_septembre_2025.TA.iso	UltraISO	f	93	166	none	/MAJ 2021/guides et manuels/souaker/2020منشورات	المطوية رقم 04 مسائل متفرقة توظيف، ترقية، مسابقات، مناصب عليا، رخص الغياب، ممارسة المهام .pdf
wartilani-2-arabe-septembre-2025.-ta__Wartilani_2_arabe_septembre_2025.TA.iso	UltraISO	f	87	156	none	/MAJ 2021/guides et manuels/souaker/2020منشورات	المطوية رقم 05 تحديد معايير الانتقاء في المسابقات على أساس الشهادات وكيفيات تنقيطها.pdf
wartilani-2-arabe-septembre-2025.-ta__Wartilani_2_arabe_septembre_2025.TA.iso	UltraISO	f	93	166	none	/MAJ 2021/guides et manuels/souaker/2020منشورات/_vti_cnf	المطورية رقم 02 دليل التحرير الاداري لمسيري الموارد البشرية _ وثائق السرد والوصف والتحليل.pdf
wartilani-2-arabe-septembre-2025.-ta__Wartilani_2_arabe_septembre_2025.TA.iso	UltraISO	f	109	197	none	/MAJ 2021/guides et manuels/souaker/2020منشورات/_vti_cnf	المطوية رقم 01 الاجراءات العملية لتجسيد عملية ادماج الاعوان المستفيدين من جهازي الإدماج المهني و الاجتماع.pdf
wartilani-2-arabe-septembre-2025.-ta__Wartilani_2_arabe_septembre_2025.TA.iso	UltraISO	f	103	187	none	/MAJ 2021/guides et manuels/souaker/2020منشورات/_vti_cnf	المطوية رقم 03 توظيف الاشخاص المعوقين في المؤسسات والادارات العمومية التابعة لقطاع الوظيفة العمومية.pdf
wartilani-2-arabe-septembre-2025.-ta__Wartilani_2_arabe_septembre_2025.TA.iso	UltraISO	f	93	166	none	/MAJ 2021/guides et manuels/souaker/2020منشورات/_vti_cnf	المطوية رقم 04 مسائل متفرقة توظيف، ترقية، مسابقات، مناصب عليا، رخص الغياب، ممارسة المهام .pdf
wartilani-2-arabe-septembre-2025.-ta__Wartilani_2_arabe_septembre_2025.TA.iso	UltraISO	f	87	156	none	/MAJ 2021/guides et manuels/souaker/2020منشورات/_vti_cnf	المطوية رقم 05 تحديد معايير الانتقاء في المسابقات على أساس الشهادات وكيفيات تنقيطها.pdf
wartilani-2-arabe-septembre-2025.-ta__Wartilani_2_arabe_septembre_2025.TA.iso	UltraISO	f	87	156	none	/MAJ 2021/guides et manuels/souaker/2018منشورات	المطوية رقم 03 تحديد معايير الانتقاء في المسابقات على أساس الشهادات وكيفيات تنقيطها.pdf
wartilani-2-arabe-septembre-2025.-ta__Wartilani_2_arabe_septembre_2025.TA.iso	UltraISO	f	87	156	none	/MAJ 2021/guides et manuels/souaker/2018منشورات/_vti_cnf	المطوية رقم 03 تحديد معايير الانتقاء في المسابقات على أساس الشهادات وكيفيات تنقيطها.pdf
wartilani-2-arabe-septembre-2025.-ta__Wartilani_2_arabe_septembre_2025.TA.iso	UltraISO	f	110	192	none	/MAJ 2020/promotion	ارسال المديرية العامة للوظيفة العمومية رقم 2606 المؤرخ في 17 مارس 2013 حول الترقية في الرتبة اثناء العطلة المر
wartilani-2-arabe-septembre-2025.-ta__Wartilani_2_arabe_septembre_2025.TA.iso	UltraISO	f	110	192	none	/MAJ 2020/promotion/_vti_cnf	ارسال المديرية العامة للوظيفة العمومية رقم 2606 المؤرخ في 17 مارس 2013 حول الترقية في الرتبة اثناء العطلة المر
wartilani-2-arabe-septembre-2025.-ta__Wartilani_2_arabe_septembre_2025.TA.iso	UltraISO	f	110	197	none	/MAJ 2020/ohb/_vti_cnf	المرسوم التنفيذي رقم 98-412 يحدد كيفية تخصيص العائدات الناتجة عن الخدمات و الاشغال التي تقوم بها المؤسسات العم
wartilani-2-arabe-septembre-2025.-ta__Wartilani_2_arabe_septembre_2025.TA.iso	UltraISO	f	110	192	none	/MAJ 2020/ohb/_vti_cnf	تعليمة المديرية العامة للميزانية رقم 2288 المؤرخة في 03 أفريل 2012 حول عقلنة تسيير النفقات العمومية في أحكام ا
wartilani-2-arabe-septembre-2025.-ta__Wartilani_2_arabe_septembre_2025.TA.iso	UltraISO	f	89	90	none	/MAJ 2020/ohb/FORMATION PROFESSIONNELLE	decret executif 98-412 du 07 decembre 1998 fixant relative à la  formation production.pdf
wartilani-2-arabe-septembre-2025.-ta__Wartilani_2_arabe_septembre_2025.TA.iso	UltraISO	f	89	90	none	/MAJ 2020/ohb/FORMATION PROFESSIONNELLE/_vti_cnf	decret executif 98-412 du 07 decembre 1998 fixant relative à la  formation production.pdf
wartilani-2-arabe-septembre-2025.-ta__Wartilani_2_arabe_septembre_2025.TA.iso	UltraISO	f	110	193	none	/MAJ 2020/comptabilite publique	إرسال المديرية العامة للميزانية رقم 3149 المؤرخ في 09 جويلية 2019 حول العراقيل المواجهة في إقتناء السيارات الا
wartilani-2-arabe-septembre-2025.-ta__Wartilani_2_arabe_septembre_2025.TA.iso	UltraISO	f	110	192	none	/MAJ 2020/comptabilite publique	ارسال المديرية  العامة للخزينة رقم 511 المؤرخ في 25 مارس 2019 تتضمن توضيحات حول المنشئات المعنية بالتأمين عن ا
wartilani-2-arabe-septembre-2025.-ta__Wartilani_2_arabe_septembre_2025.TA.iso	UltraISO	f	110	194	none	/MAJ 2020/comptabilite publique	ارسال المديرية العامة للميزانية رقم 1086 المؤرخ 14 جويلة 2019 حول الاعانات المقدمة من البلديات لفائدة المؤسسات
wartilani-2-arabe-septembre-2025.-ta__Wartilani_2_arabe_septembre_2025.TA.iso	UltraISO	f	110	192	none	/MAJ 2020/comptabilite publique	تعليمة وزارة المالية رقم 02 المؤرخة في 12 جويلية 2003 حول كيفية تسديد قسيمة السيارات من طرف ادارة الدولة و الج
wartilani-2-arabe-septembre-2025.-ta__Wartilani_2_arabe_septembre_2025.TA.iso	UltraISO	f	109	188	none	/MAJ 2020/comptabilite publique	مراسلة المديرية العامة للميزانية رقم 1023 المؤرخة في فيفري 2016 حول مدى امكانية اقتناء بطاقات التعبئة 4 ج.pdf
wartilani-2-arabe-septembre-2025.-ta__Wartilani_2_arabe_septembre_2025.TA.iso	UltraISO	f	110	193	none	/MAJ 2020/comptabilite publique	مراسلة المديرية العامة للميزانية رقم 1402المؤرخة في 07 مارس 2015 حول عدم امكانية تسوية الراتب الشهري لفترة الم
wartilani-2-arabe-septembre-2025.-ta__Wartilani_2_arabe_septembre_2025.TA.iso	UltraISO	f	109	189	none	/MAJ 2020/comptabilite publique	مراسلة المديرية العامة للميزانية رقم 1505 المؤرخة في 20 مارس 2014 تبين التقييد الميزانياتي لمخلفات الاجور.pdf
wartilani-2-arabe-septembre-2025.-ta__Wartilani_2_arabe_septembre_2025.TA.iso	UltraISO	f	110	194	none	/MAJ 2020/comptabilite publique	مراسلة المديرية العامة للميزانية رقم 1535 المؤرخة في 08 مارس 2017 حول الالتزام بالنفقات الخاصة بالتسبيقات الجز
wartilani-2-arabe-septembre-2025.-ta__Wartilani_2_arabe_septembre_2025.TA.iso	UltraISO	f	110	183	none	/MAJ 2020/comptabilite publique/patrimoine	المادة 33 من القانون رقم 18-18 يتضمن قانون المالية لسنة 2019 المادة 83 من القانون رقم 02-11 المتضمن قانون الما
wartilani-2-arabe-septembre-2025.-ta__Wartilani_2_arabe_septembre_2025.TA.iso	UltraISO	f	110	193	none	/MAJ 2020/comptabilite publique/patrimoine	تعليمة المديرية العامة للميزانية رقم 4588 المؤرخة في 11 نوفمبر 1992 حول اجراءات مراقبة المصاريف الناجمة عن منح
wartilani-2-arabe-septembre-2025.-ta__Wartilani_2_arabe_septembre_2025.TA.iso	UltraISO	f	110	183	none	/MAJ 2020/comptabilite publique/patrimoine/_vti_cnf	المادة 33 من القانون رقم 18-18 يتضمن قانون المالية لسنة 2019 المادة 83 من القانون رقم 02-11 المتضمن قانون الما
wartilani-2-arabe-septembre-2025.-ta__Wartilani_2_arabe_septembre_2025.TA.iso	UltraISO	f	110	199	none	/MAJ 2020/comptabilite publique/indemnites	مراسلة المديرية العامة للميزانية المؤرخة في 28 جويلية 2013 حول التاشير على الالتزامات المتعلقة بنفقات المستخدم
wartilani-2-arabe-septembre-2025.-ta__Wartilani_2_arabe_septembre_2025.TA.iso	UltraISO	f	110	193	none	/MAJ 2020/comptabilite publique/indemnites	مراسلة المديرية العامة لميزانية رقم 1634 المؤرخة في 26 جويلية 2018 مدى امكانية اجراء التغاضي بالنسبة لنفقات ال
wartilani-2-arabe-septembre-2025.-ta__Wartilani_2_arabe_septembre_2025.TA.iso	UltraISO	f	94	171	none	/MAJ 2020/comptabilite publique/autres charges/huissier	مراسلة المديرية العامة للضرائب حول تطبيق الرسم على القيمة المضافة على اتعاب المحضر القضائي.pdf
wartilani-2-arabe-septembre-2025.-ta__Wartilani_2_arabe_septembre_2025.TA.iso	UltraISO	f	96	175	none	/MAJ 2020/comptabilite publique/autres charges/huissier	مراسلة المديرية العامة للميزانية حول تطبيق الرسم على القيمة المضافة على اتعاب المحضر القضائي.pdf
wartilani-2-arabe-septembre-2025.-ta__Wartilani_2_arabe_septembre_2025.TA.iso	UltraISO	f	94	171	none	/MAJ 2020/comptabilite publique/autres charges/huissier/_vti_cnf	مراسلة المديرية العامة للضرائب حول تطبيق الرسم على القيمة المضافة على اتعاب المحضر القضائي.pdf
wartilani-2-arabe-septembre-2025.-ta__Wartilani_2_arabe_septembre_2025.TA.iso	UltraISO	f	96	175	none	/MAJ 2020/comptabilite publique/autres charges/huissier/_vti_cnf	مراسلة المديرية العامة للميزانية حول تطبيق الرسم على القيمة المضافة على اتعاب المحضر القضائي.pdf
wartilani-2-arabe-septembre-2025.-ta__Wartilani_2_arabe_septembre_2025.TA.iso	UltraISO	f	110	193	none	/MAJ 2020/comptabilite publique/_vti_cnf	إرسال المديرية العامة للميزانية رقم 3149 المؤرخ في 09 جويلية 2019 حول العراقيل المواجهة في إقتناء السيارات الا
wartilani-2-arabe-septembre-2025.-ta__Wartilani_2_arabe_septembre_2025.TA.iso	UltraISO	f	110	192	none	/MAJ 2020/comptabilite publique/_vti_cnf	ارسال المديرية  العامة للخزينة رقم 511 المؤرخ في 25 مارس 2019 تتضمن توضيحات حول المنشئات المعنية بالتأمين عن ا
wartilani-2-arabe-septembre-2025.-ta__Wartilani_2_arabe_septembre_2025.TA.iso	UltraISO	f	110	194	none	/MAJ 2020/comptabilite publique/_vti_cnf	ارسال المديرية العامة للميزانية رقم 1086 المؤرخ 14 جويلة 2019 حول الاعانات المقدمة من البلديات لفائدة المؤسسات
wartilani-2-arabe-septembre-2025.-ta__Wartilani_2_arabe_septembre_2025.TA.iso	UltraISO	f	110	192	none	/MAJ 2020/comptabilite publique/_vti_cnf	تعليمة وزارة المالية رقم 02 المؤرخة في 12 جويلية 2003 حول كيفية تسديد قسيمة السيارات من طرف ادارة الدولة و الج
wartilani-2-arabe-septembre-2025.-ta__Wartilani_2_arabe_septembre_2025.TA.iso	UltraISO	f	110	194	none	/MAJ 2020/comptabilite publique/_vti_cnf	مراسلة المديرية العامة للميزانية رقم 1535 المؤرخة في 08 مارس 2017 حول الالتزام بالنفقات الخاصة بالتسبيقات الجز
wartilani-2-arabe-septembre-2025.-ta__Wartilani_2_arabe_septembre_2025.TA.iso	UltraISO	f	89	156	none	/MAJ   Octobre 2020/recrutement	الإختصار على معيار تطابق الشهادة دون المسار في حالة وجود مترشحين لهم شهادة نمط حر-792.pdf
wartilani-2-arabe-septembre-2025.-ta__Wartilani_2_arabe_septembre_2025.TA.iso	UltraISO	f	89	156	none	/MAJ   Octobre 2020/recrutement/_vti_cnf	الإختصار على معيار تطابق الشهادة دون المسار في حالة وجود مترشحين لهم شهادة نمط حر-792.pdf
wartilani-2-arabe-septembre-2025.-ta__Wartilani_2_arabe_septembre_2025.TA.iso	UltraISO	f	94	173	none	/MAJ   Octobre 2020/guides et manuels/مقالات و ملفات مهمة في مجال الصفقات العمومية	ازدواجية التدخل الاقتصادي للدولة في تنظيم الصفقات العمومية وتفويضات المرفق العام وإشكالاته.pdf
wartilani-2-arabe-septembre-2025.-ta__Wartilani_2_arabe_septembre_2025.TA.iso	UltraISO	f	93	166	none	/MAJ   Octobre 2020/guides et manuels/مقالات و ملفات مهمة في مجال الصفقات العمومية	استثنائية التراضي آلية للوقاية من الفساد في مجال الصفقات العمومية - دراسة تحليلية ناقدة -.pdf
wartilani-2-arabe-septembre-2025.-ta__Wartilani_2_arabe_septembre_2025.TA.iso	UltraISO	f	106	187	none	/MAJ   Octobre 2020/guides et manuels/مقالات و ملفات مهمة في مجال الصفقات العمومية	الاستشارة كآلية لإبرام الطلبيات العمومية طبقا للمرسوم _الرئاسي 15-247 المتضمن تنظيم الصفقات العمومية _.pdf
wartilani-2-arabe-septembre-2025.-ta__Wartilani_2_arabe_septembre_2025.TA.iso	UltraISO	f	95	166	none	/MAJ   Octobre 2020/guides et manuels/مقالات و ملفات مهمة في مجال الصفقات العمومية	التسوية الودية لمنازعات تنفيذ الصفقات العمومية كضمان للتنفيذ في ظل المرسوم الرئاسي 15 -247..pdf
wartilani-2-arabe-septembre-2025.-ta__Wartilani_2_arabe_septembre_2025.TA.iso	UltraISO	f	100	177	none	/MAJ   Octobre 2020/guides et manuels/مقالات و ملفات مهمة في مجال الصفقات العمومية	الغرامة التأخيرية في ضوء المرسوم رقم 247-15 المتضمن تنظيم الصفقات العمومية وتفويضات المرفق العام.pdf
wartilani-2-arabe-septembre-2025.-ta__Wartilani_2_arabe_septembre_2025.TA.iso	UltraISO	f	99	175	none	/MAJ   Octobre 2020/guides et manuels/مقالات و ملفات مهمة في مجال الصفقات العمومية	اللجنة البلدية للصفقات كأداة للرقابة الخارجية على الصفقات العمومية في ظل المرسوم الرئاسي 15-247.pdf
wartilani-2-arabe-septembre-2025.-ta__Wartilani_2_arabe_septembre_2025.TA.iso	UltraISO	f	87	157	none	/MAJ   Octobre 2020/guides et manuels/مقالات و ملفات مهمة في مجال الصفقات العمومية	الملحق و عامل التوازن الإقــــتصادي للصفقة العمومية في القانـــون الجزائـــــري (1).pdf
wartilani-2-arabe-septembre-2025.-ta__Wartilani_2_arabe_septembre_2025.TA.iso	UltraISO	f	91	160	none	/MAJ   Octobre 2020/guides et manuels/مقالات و ملفات مهمة في مجال الصفقات العمومية	تحديث مفهوم الصفقة العمومية في ظل المرسوم الرئاسي 15-247 استجابة لتحديات الدولة الراهنة.pdf
wartilani-2-arabe-septembre-2025.-ta__Wartilani_2_arabe_septembre_2025.TA.iso	UltraISO	f	87	159	none	/MAJ   Octobre 2020/guides et manuels/مقالات و ملفات مهمة في مجال الصفقات العمومية	جرائم الصفقات العمومية وتفويضات المرفق العام طبقا لقانون الوقاية من الفساد ومكافحته.pdf
wartilani-2-arabe-septembre-2025.-ta__Wartilani_2_arabe_septembre_2025.TA.iso	UltraISO	f	94	167	none	/MAJ   Octobre 2020/guides et manuels/مقالات و ملفات مهمة في مجال الصفقات العمومية	ضبط وتحديد الحاجات قبل إبرام الصفقة العمومية ( حجر الزاوية في عقلنة وترشيد الطلب العمومي ).pdf
wartilani-2-arabe-septembre-2025.-ta__Wartilani_2_arabe_septembre_2025.TA.iso	UltraISO	f	88	152	none	/MAJ   Octobre 2020/guides et manuels/مقالات و ملفات مهمة في مجال الصفقات العمومية	قراءة في الأحكام الجديدة  لقانون الصفقات العمومية  و تفويضات المرفق العام رقم 15_247.pdf
wartilani-2-arabe-septembre-2025.-ta__Wartilani_2_arabe_septembre_2025.TA.iso	UltraISO	f	104	181	none	/MAJ   Octobre 2020/guides et manuels/مقالات و ملفات مهمة في مجال الصفقات العمومية	قراءة في نص المادة 88 من المرسوم الرئاسي 15_247 المتضمن تنظيم الصفقات العمومية وتفويضات المرفق العام.pdf
wartilani-2-arabe-septembre-2025.-ta__Wartilani_2_arabe_septembre_2025.TA.iso	UltraISO	f	96	98	none	/MAJ   Octobre 2020/applications	situation de consommation mensuelle de la cantine 'élaborée par MONSIEUR KELLALI ABBES IAF).xlsx
wxpmce-05-oemsp-3-ja__WXPMCE05SP3JP_Full.iso	unknown	f	88	88	none	/$OEM$	windowsxp-windowsmedia-kb2834904-v2-x86-jpn_45b50ec16935855b4798aaa09cdef445e2eb95f9.ex_
wxpmce-05-oemsp-3-ja__WXPMCE05SP3JP_Full.iso	unknown	f	87	87	none	/$OEM$	windowsxp-windowsmedia-kb952069-v2-x86-jpn_92339e345a8a75678c9f4ec25bf1763e0d4406f7.ex_
yuki-kajiura-discography__Yuki_Kajiura_-_Discography__1993-2013_.iso	UltraISO	d	98	102	General punctuation	/2010	2010.12.01 - Kalafina LIVE 2010 “Red Moon” at JCB HALL ~ Kajiura Produce 3rd Anniversary LIVE TOUR
yuki-kajiura-discography__Yuki_Kajiura_-_Discography__1993-2013_.iso	UltraISO	d	87	87	none	/2009	2009.01.28 - Kara no kyoukai -the Garden of sinners- 5 ~Mujun Rasen Original Soundtrack
yuki-kajiura-discography__Yuki_Kajiura_-_Discography__1993-2013_.iso	UltraISO	d	91	91	none	/2009	2009.07.29 - Kara no kyoukai -the Garden of sinners- 6 ~Boukyaku Rokuon Original Soundtrack
yuki-kajiura-discography__Yuki_Kajiura_-_Discography__1993-2013_.iso	UltraISO	d	109	109	none	/2009	2009.09.25 - _ai-____, soshite mai-otome & 0.sifr~&uchuu wo kakeru shoujo Compilation ~shoujotachi no kizuna~
yuki-kajiura-discography__Yuki_Kajiura_-_Discography__1993-2013_.iso	UltraISO	d	98	98	none	/2009	2009.12.09 - Kara no kyoukai -the Garden of sinners- 7 ~Satsujin Kousatsu (Go) Original Soundtrack
yuki-kajiura-discography__Yuki_Kajiura_-_Discography__1993-2013_.iso	UltraISO	d	88	88	none	/2008	2008.05.21 - Kara no kyoukai -the Garden of sinners- 1 ~Fukan Fuukei Original Soundtrack
yuki-kajiura-discography__Yuki_Kajiura_-_Discography__1993-2013_.iso	UltraISO	d	93	93	none	/2008	2008.06.25 - Kara no kyoukai -the Garden of sinners- 2 ~Satsujin Kousatsu Original Soundtrack
yuki-kajiura-discography__Yuki_Kajiura_-_Discography__1993-2013_.iso	UltraISO	d	92	92	none	/2008	2008.07.23 - Kara no kyoukai -the Garden of sinners- 3 ~Tsuukaku Zanryuu Original Soundtrack
yuki-kajiura-discography__Yuki_Kajiura_-_Discography__1993-2013_.iso	UltraISO	d	88	88	none	/2008	2008.12.17 - Kara no kyoukai -the Garden of sinners- 4 ~Garan no Dou Original Soundtrack
yuki-kajiura-discography__Yuki_Kajiura_-_Discography__1993-2013_.iso	UltraISO	d	105	105	none	/2007	2007.02.21 - Shin Kyuseishu Densetsu Hokuto no Ken Raoh Den Junai no Sho ~Yuria Den ORIGINAL SOUNDTRACK I
yuki-kajiura-discography__Yuki_Kajiura_-_Discography__1993-2013_.iso	UltraISO	d	92	92	none	/2006	2006.01.25 - MOBILE SUIT GUNDAM SEED DESTINY SUIT CD vol.9 ARTHRUN x INFINITY JUSTICE GUNDAM
yuki-kajiura-discography__Yuki_Kajiura_-_Discography__1993-2013_.iso	UltraISO	d	100	100	none	/2006	2006.02.01 - Tsubasa Chronicle Drama & Chara Song Album [Oukyuu no Machine] Chapter.2 ~Arienai Goal~
yuki-kajiura-discography__Yuki_Kajiura_-_Discography__1993-2013_.iso	UltraISO	d	100	100	none	/2006	2006.03.24 - Tsubasa Chronicle Drama & Chara Song Album [Oukyuu no Machine] Chapter.3 ~Ienai Serifu~
yuki-kajiura-discography__Yuki_Kajiura_-_Discography__1993-2013_.iso	UltraISO	d	94	94	none	/2006	2006.04.21 - MOBILE SUIT GUNDAM SEED DESTINY SUIT CD vol.10 KIRA YAMATO x STRIKE FREEDOMGUNDAM
yuki-kajiura-discography__Yuki_Kajiura_-_Discography__1993-2013_.iso	UltraISO	d	108	108	none	/2006	2006.07.12 - Xenosaga III [ Zarathustra wa Kaku Katariki ] ORIGINAL SOUND BEST TRACKS Yuki Kajiura Selection
yuki-kajiura-discography__Yuki_Kajiura_-_Discography__1993-2013_.iso	UltraISO	d	110	110	none	/2006	2006.11.22 - Kidou Senshi Gundam SEED~SEED DESTINY THE BRIDGE Across the Songs from GUNDAM SEED & SEED DESTINY
yuki-kajiura-discography__Yuki_Kajiura_-_Discography__1993-2013_.iso	UltraISO	d	87	87	none	/2005	2005.06.22 - MOBILE SUIT GUNDAM SEED DESTINY SUIT CD vol.6 SHINN ASUKA x DESTINY GUNDAM
yuki-kajiura-discography__Yuki_Kajiura_-_Discography__1993-2013_.iso	UltraISO	d	86	86	none	/2005	2005.07.21 - MOBILE SUIT GUNDAM SEED DESTINY SUIT CD vol.7 AUEL NEIDER x STING OACKLEY
yuki-kajiura-discography__Yuki_Kajiura_-_Discography__1993-2013_.iso	UltraISO	d	86	86	none	/2005	2005.09.22 - MOBILE SUIT GUNDAM SEED DESTINY SUIT CD vol.8 LACUS CLYNE x MEER CAMPBELL
yuki-kajiura-discography__Yuki_Kajiura_-_Discography__1993-2013_.iso	UltraISO	d	106	106	none	/2005	2005.12.16 - Tsubasa Chronicle Drama & Chara Song Album [Oukyuu no Machine] Chapter.1 ~Suijou Toshi Coral~
yuki-kajiura-discography__Yuki_Kajiura_-_Discography__1993-2013_.iso	UltraISO	d	93	93	none	/2004	2004.07.07 - Xenosaga II Jenseits von Gut und Bose [ Zenaku no Higan ] MOVIE SCENE SOUNDTRACK
yuki-kajiura-discography__Yuki_Kajiura_-_Discography__1993-2013_.iso	UltraISO	d	92	92	none	/2000	2000.03.25 - Boogiepop Kimi ni Tsutaetai Koto (Music Album Inspired by Boogiepop and Others)
yuki-kajiura-discography__Yuki_Kajiura_-_Discography__1993-2013_.iso	UltraISO	d	88	88	none	/1996	1996.11.01 - Shin Kimagure Orange Road Soshite Ano Natsu no Hajimari ORIGINAL SOUNDTRACK
